domain,sld,tld,availability_status,score,tag,estimated_price,keyword_score,trend_score,tld_score,brandability_score,length_score,pronounceability_score,source,fetched_at,scored_at,country
blockai.com,blockai,.com,⚠️ For Sale,88.2,High Value,86.25,85.0,88.6,100.0,87.75,80.0,95.0,generator,2026-06-17 10:19:45,2026-06-17 10:21:24,🌐 Global
vrai.com,vrai,.com,❌ Taken,86.6,High Value,115.0,85.0,89.4,100.0,71.25,95.0,85.0,generator,2026-06-17 10:19:45,2026-06-17 10:21:24,🇬🇧 UK
quantumai.com,quantumai,.com,✅ Available,84.3,High Value,69.0,85.0,90.4,100.0,72.5,67.0,80.0,generator,2026-06-17 10:19:45,2026-06-17 10:21:24,🌐 Global
chainai.co,chainai,.co,⚠️ For Sale,83.2,High Value,150.0,85.0,88.8,78.0,79.0,80.0,85.0,generator,2026-06-17 10:19:45,2026-06-17 10:21:24,🌐 Global
netai.co,netai,.co,❌ Taken,83.15,High Value,200.0,85.0,83.6,78.0,80.25,90.0,85.0,generator,2026-06-17 10:19:45,2026-06-17 10:21:24,🇦🇪 UAE
defiai.com,defiai,.com,⚠️ For Sale,82.9,High Value,86.25,85.0,88.6,100.0,58.75,85.0,60.0,generator,2026-06-17 10:19:45,2026-06-17 10:21:24,🇺🇸 USA
cyberai.tech,cyberai,.tech,⚠️ For Sale,81.75,High Value,206.25,85.0,89.8,60.0,84.0,80.0,87.0,generator,2026-06-17 10:19:45,2026-06-17 10:21:24,🇩🇪 Germany
leadai.ai,leadai,.ai,⚠️ For Sale,81.65,High Value,525.0,85.0,88.4,92.0,58.75,85.0,60.0,generator,2026-06-17 10:19:45,2026-06-17 10:21:24,🌐 Global
dataapp.com,dataapp,.com,✅ Available,81.5,High Value,86.25,85.0,63.2,100.0,86.0,80.0,90.0,generator,2026-06-17 10:19:45,2026-06-17 10:21:24,🇦🇺 Australia
mintgame.com,mintgame,.com,⚠️ For Sale,81.19,High Value,69.0,85.0,64.34,100.0,86.0,74.0,87.0,generator,2026-06-17 10:19:45,2026-06-17 10:21:24,🌐 Global
quantum.com,quantum,.com,❌ Taken,80.8,High Value,86.25,80.0,68.0,100.0,84.0,80.0,90.0,generator,2026-06-17 10:19:45,2026-06-17 10:21:24,🇮🇳 India
labapp.com,labapp,.com,⚠️ For Sale,80.78,High Value,86.25,85.0,58.3,100.0,86.0,85.0,90.0,generator,2026-06-17 10:19:45,2026-06-17 10:21:24,🌐 Global
fitapp.com,fitapp,.com,❌ Taken,80.7,High Value,86.25,85.0,58.0,100.0,86.0,85.0,90.0,generator,2026-06-17 10:19:45,2026-06-17 10:21:24,🇬🇧 UK
growpay.com,growpay,.com,❌ Taken,80.59,High Value,86.25,85.0,59.56,100.0,86.0,80.0,80.0,generator,2026-06-17 10:19:45,2026-06-17 10:21:24,🌐 Global
getai.co,getai,.co,⚠️ For Sale,80.49,High Value,200.0,70.0,92.15,78.0,78.75,90.0,85.0,generator,2026-06-17 10:19:45,2026-06-17 10:21:24,🇦🇪 UAE
tokenai.com,tokenai,.com,⚠️ For Sale,80.33,High Value,86.25,85.0,89.1,100.0,47.75,80.0,80.0,generator,2026-06-17 10:19:45,2026-06-17 10:21:24,🇦🇺 Australia
cloudapp.com,cloudapp,.com,✅ Available,79.99,High Value,49.68,85.0,60.56,100.0,84.75,74.0,90.0,generator,2026-06-17 10:19:45,2026-06-17 10:21:24,🇦🇪 UAE
gamesync.com,gamesync,.com,❌ Taken,79.56,High Value,49.68,85.0,64.84,100.0,77.25,74.0,60.0,generator,2026-06-17 10:19:45,2026-06-17 10:21:24,🌐 Global
datatrade.com,datatrade,.com,❌ Taken,79.5,High Value,49.68,85.0,62.4,100.0,83.5,67.0,90.0,generator,2026-06-17 10:19:45,2026-06-17 10:21:24,🌐 Global
chainapp.uk,chainapp,.uk,✅ Available,79.28,High Value,40.5,95.0,87.72,30.0,84.75,74.0,90.0,generator,2026-06-17 10:19:45,2026-06-17 10:21:24,🇬🇧 UK
cyberpro.com,cyberpro,.com,⚠️ For Sale,79.04,High Value,49.68,85.0,58.76,100.0,82.25,74.0,77.0,generator,2026-06-17 10:19:45,2026-06-17 10:21:24,🇮🇳 India
cyberapp.com,cyberapp,.com,❌ Taken,78.99,High Value,49.68,85.0,60.56,100.0,79.75,74.0,72.0,generator,2026-06-17 10:19:45,2026-06-17 10:21:24,🌐 Global
vitaapp.com,vitaapp,.com,⚠️ For Sale,78.6,High Value,62.1,85.0,57.0,100.0,79.25,80.0,90.0,generator,2026-06-17 10:19:45,2026-06-17 10:21:24,🇬🇧 UK
techai.de,techai,.de,❌ Taken,78.4,High Value,67.5,85.0,89.4,30.0,87.75,85.0,95.0,generator,2026-06-17 10:19:45,2026-06-17 10:21:24,🇩🇪 Germany
stellargame.com,stellargame,.com,⚠️ For Sale,78.36,High Value,41.4,85.0,64.64,100.0,81.5,54.0,90.0,generator,2026-06-17 10:19:45,2026-06-17 10:21:24,🇬🇧 UK
apiapp.com,apiapp,.com,⚠️ For Sale,78.25,High Value,62.1,85.0,58.6,100.0,73.0,85.0,90.0,generator,2026-06-17 10:19:45,2026-06-17 10:21:24,🇮🇳 India
cleanapp.ai,cleanapp,.ai,⚠️ For Sale,78.15,High Value,302.4,85.0,58.0,92.0,84.75,74.0,90.0,generator,2026-06-17 10:19:45,2026-06-17 10:21:24,🌐 Global
quantummint.com,quantummint,.com,⚠️ For Sale,77.54,High Value,41.4,85.0,64.34,100.0,77.75,54.0,85.0,generator,2026-06-17 10:19:45,2026-06-17 10:21:24,🇦🇺 Australia
growapp.io,growapp,.io,❌ Taken,77.4,High Value,229.5,85.0,57.8,85.0,83.5,80.0,80.0,generator,2026-06-17 10:19:45,2026-06-17 10:21:24,🇬🇧 UK
cyberai.ae,cyberai,.ae,✅ Available,77.25,High Value,67.5,85.0,89.8,30.0,84.0,80.0,87.0,generator,2026-06-17 10:19:45,2026-06-17 10:21:24,🇦🇪 UAE
dataai.in,dataai,.in,⚠️ For Sale,77.08,High Value,67.5,85.0,90.1,30.0,80.25,85.0,60.0,generator,2026-06-17 10:19:45,2026-06-17 10:21:24,🇮🇳 India
carbonpro.co,carbonpro,.co,⚠️ For Sale,77.06,High Value,64.8,95.0,56.85,78.0,79.75,67.0,82.0,generator,2026-06-17 10:19:45,2026-06-17 10:21:24,🌐 Global
streamai.de,streamai,.de,❌ Taken,76.98,High Value,54.0,85.0,90.1,30.0,85.25,74.0,87.0,generator,2026-06-17 10:19:45,2026-06-17 10:21:24,🇩🇪 Germany
meta.io,meta,.io,✅ Available,76.95,High Value,306.0,80.0,55.0,85.0,84.75,95.0,95.0,generator,2026-06-17 10:19:45,2026-06-17 10:21:24,🇦🇪 UAE
metaai.de,metaai,.de,❌ Taken,76.83,High Value,67.5,85.0,89.1,30.0,80.25,85.0,60.0,generator,2026-06-17 10:19:45,2026-06-17 10:21:24,🇩🇪 Germany
aipro.us,aipro,.us,⚠️ For Sale,76.75,High Value,90.0,85.0,87.8,30.0,79.0,90.0,85.0,generator,2026-06-17 10:19:45,2026-06-17 10:21:24,🇺🇸 USA
paygame.tech,paygame,.tech,✅ Available,76.71,High Value,148.5,85.0,66.04,60.0,88.5,80.0,95.0,generator,2026-06-17 10:19:45,2026-06-17 10:21:24,🇩🇪 Germany
farmbase.com,farmbase,.com,❌ Taken,76.66,High Value,37.26,85.0,46.24,100.0,86.0,74.0,87.0,generator,2026-06-17 10:19:45,2026-06-17 10:21:24,🇩🇪 Germany
vitaflow.com,vitaflow,.com,❌ Taken,76.3,High Value,49.68,85.0,52.6,100.0,76.25,74.0,85.0,generator,2026-06-17 10:19:45,2026-06-17 10:21:24,🇦🇺 Australia
swapdash.com,swapdash,.com,⚠️ For Sale,76.29,High Value,49.68,85.0,46.74,100.0,83.5,74.0,80.0,generator,2026-06-17 10:19:45,2026-06-17 10:21:24,🇮🇳 India
carenet.co,carenet,.co,⚠️ For Sale,75.89,High Value,108.0,95.0,45.35,78.0,81.75,80.0,85.0,generator,2026-06-17 10:19:45,2026-06-17 10:21:24,🇦🇺 Australia
quantumml.net,quantumml,.net,✅ Available,75.8,High Value,54.0,85.0,77.2,70.0,69.0,67.0,82.0,generator,2026-06-17 10:19:45,2026-06-17 10:21:24,🇺🇸 USA
cleandash.com,cleandash,.com,⚠️ For Sale,75.72,High Value,49.68,85.0,50.26,100.0,79.75,67.0,90.0,generator,2026-06-17 10:19:45,2026-06-17 10:21:24,🌐 Global
netpro.com,netpro,.com,❌ Taken,75.44,High Value,62.1,85.0,36.96,100.0,86.0,85.0,87.0,generator,2026-06-17 10:19:45,2026-06-17 10:21:24,🇮🇳 India
iongame.com,iongame,.com,⚠️ For Sale,75.09,High Value,62.1,70.0,65.96,100.0,73.0,80.0,85.0,generator,2026-06-17 10:19:45,2026-06-17 10:21:24,🌐 Global
getplay.com,getplay,.com,❌ Taken,74.95,High Value,62.1,70.0,58.2,100.0,82.0,80.0,72.0,generator,2026-06-17 10:19:45,2026-06-17 10:21:24,🇬🇧 UK
tokenapp.com,tokenapp,.com,⚠️ For Sale,74.93,High Value,49.68,85.0,58.3,100.0,62.25,74.0,85.0,generator,2026-06-17 10:19:45,2026-06-17 10:21:24,🌐 Global
mydeep.io,mydeep,.io,✅ Available,74.88,High Value,229.5,70.0,67.9,85.0,78.25,85.0,72.0,generator,2026-06-17 10:19:45,2026-06-17 10:21:24,🌐 Global
pulsedata.com,pulsedata,.com,❌ Taken,74.76,High Value,49.68,70.0,63.05,100.0,81.5,67.0,80.0,generator,2026-06-17 10:19:45,2026-06-17 10:21:24,🇩🇪 Germany
wellpro.com,wellpro,.com,❌ Taken,74.71,High Value,62.1,85.0,46.44,100.0,73.0,80.0,65.0,generator,2026-06-17 10:19:45,2026-06-17 10:21:24,🇺🇸 USA
streambase.co,streambase,.co,❌ Taken,74.7,High Value,86.4,85.0,61.2,78.0,81.0,60.0,87.0,generator,2026-06-17 10:19:45,2026-06-17 10:21:24,🇦🇪 UAE
shoppay.tech,shoppay,.tech,✅ Available,74.54,High Value,148.5,85.0,59.36,60.0,86.0,80.0,80.0,generator,2026-06-17 10:19:45,2026-06-17 10:21:24,🇩🇪 Germany
myai.in,myai,.in,⚠️ For Sale,74.39,High Value,90.0,70.0,92.15,30.0,81.75,95.0,85.0,generator,2026-06-17 10:19:45,2026-06-17 10:21:24,🇮🇳 India
findfarm.co,findfarm,.co,✅ Available,74.3,High Value,86.4,85.0,53.2,78.0,82.0,74.0,72.0,generator,2026-06-17 10:19:45,2026-06-17 10:21:24,🌐 Global
cloudvote.com,cloudvote,.com,❌ Taken,74.19,High Value,49.68,70.0,60.14,100.0,82.25,67.0,95.0,generator,2026-06-17 10:19:45,2026-06-17 10:21:24,🇺🇸 USA
streambox.com,streambox,.com,❌ Taken,74.16,High Value,49.68,70.0,63.05,100.0,78.5,67.0,82.0,generator,2026-06-17 10:19:45,2026-06-17 10:21:24,🇦🇪 UAE
mycode.com,mycode,.com,❌ Taken,73.99,High Value,62.1,70.0,53.35,100.0,80.75,85.0,77.0,generator,2026-06-17 10:19:45,2026-06-17 10:21:24,🇬🇧 UK
turboearth.com,turboearth,.com,⚠️ For Sale,73.89,High Value,37.26,85.0,46.74,100.0,78.5,60.0,82.0,generator,2026-06-17 10:19:45,2026-06-17 10:21:24,🌐 Global
vibepay.io,vibepay,.io,❌ Taken,73.88,High Value,229.5,70.0,60.14,85.0,85.5,80.0,85.0,generator,2026-06-17 10:19:45,2026-06-17 10:21:24,🇬🇧 UK
defipro.com,defipro,.com,❌ Taken,73.5,High Value,62.1,85.0,48.2,100.0,64.75,80.0,90.0,generator,2026-06-17 10:19:45,2026-06-17 10:21:24,🌐 Global
datahealth.org,datahealth,.org,⚠️ For Sale,73.33,High Value,51.84,85.0,63.7,68.0,78.5,60.0,77.0,generator,2026-06-17 10:19:45,2026-06-17 10:21:24,🌐 Global
getdata.co,getdata,.co,⚠️ For Sale,73.26,High Value,108.0,70.0,63.05,78.0,84.0,80.0,90.0,generator,2026-06-17 10:19:45,2026-06-17 10:21:24,🌐 Global
cookcare.net,cookcare,.net,✅ Available,73.25,High Value,54.0,85.0,48.8,70.0,88.25,74.0,95.0,generator,2026-06-17 10:19:45,2026-06-17 10:21:24,🇺🇸 USA
nextmarket.io,nextmarket,.io,❌ Taken,73.25,High Value,137.7,85.0,53.2,85.0,78.5,60.0,77.0,generator,2026-06-17 10:19:45,2026-06-17 10:21:24,🌐 Global
nftpay.io,nftpay,.io,⚠️ For Sale,73.06,High Value,229.5,85.0,58.06,85.0,59.0,85.0,25.0,generator,2026-06-17 10:19:45,2026-06-17 10:21:24,🇦🇪 UAE
paysnap.io,paysnap,.io,❌ Taken,72.98,High Value,229.5,70.0,60.14,85.0,81.0,80.0,72.0,generator,2026-06-17 10:19:45,2026-06-17 10:21:24,🌐 Global
dataly.co,dataly,.co,⚠️ For Sale,72.86,High Value,108.0,70.0,63.05,78.0,79.5,85.0,90.0,generator,2026-06-17 10:19:45,2026-06-17 10:21:24,🌐 Global
apiai.ae,apiai,.ae,✅ Available,72.85,High Value,90.0,85.0,89.4,30.0,57.5,90.0,60.0,generator,2026-06-17 10:19:45,2026-06-17 10:21:24,🇦🇪 UAE
apisell.co,apisell,.co,✅ Available,72.81,High Value,108.0,85.0,55.24,78.0,69.0,80.0,85.0,generator,2026-06-17 10:19:45,2026-06-17 10:21:24,🇦🇪 UAE
getapi.com,getapi,.com,❌ Taken,72.81,High Value,62.1,70.0,56.26,100.0,71.25,85.0,90.0,generator,2026-06-17 10:19:45,2026-06-17 10:21:24,🌐 Global
myfin.com,myfin,.com,⚠️ For Sale,72.49,High Value,82.8,70.0,53.35,100.0,70.75,90.0,62.0,generator,2026-06-17 10:19:45,2026-06-17 10:21:24,🌐 Global
vibestream.ai,vibestream,.ai,⚠️ For Sale,72.26,High Value,302.4,70.0,63.05,92.0,78.5,60.0,77.0,generator,2026-06-17 10:19:45,2026-06-17 10:21:24,🇮🇳 India
fusionpay.io,fusionpay,.io,⚠️ For Sale,72.19,High Value,183.6,70.0,60.14,85.0,83.5,67.0,85.0,generator,2026-06-17 10:19:45,2026-06-17 10:21:24,🇬🇧 UK
cloudscan.com,cloudscan,.com,⚠️ For Sale,71.98,High Value,49.68,70.0,60.14,100.0,71.25,67.0,82.0,generator,2026-06-17 10:19:45,2026-06-17 10:21:24,🇦🇪 UAE
findbuild.com,findbuild,.com,❌ Taken,71.74,High Value,49.68,70.0,53.35,100.0,78.5,67.0,82.0,generator,2026-06-17 10:19:45,2026-06-17 10:21:24,🌐 Global
banknest.com,banknest,.com,⚠️ For Sale,71.73,High Value,49.68,70.0,48.5,100.0,81.0,74.0,72.0,generator,2026-06-17 10:19:45,2026-06-17 10:21:24,🌐 Global
tradefeed.com,tradefeed,.com,❌ Taken,71.51,High Value,49.68,70.0,50.44,100.0,81.0,67.0,85.0,generator,2026-06-17 10:19:45,2026-06-17 10:21:24,🌐 Global
botpay.de,botpay,.de,❌ Taken,71.04,High Value,67.5,85.0,69.56,30.0,75.75,85.0,90.0,generator,2026-06-17 10:19:45,2026-06-17 10:21:24,🇩🇪 Germany
drawmint.com,drawmint,.com,⚠️ For Sale,71.01,High Value,49.68,70.0,43.65,100.0,83.5,74.0,80.0,generator,2026-06-17 10:19:45,2026-06-17 10:21:24,🇦🇺 Australia
dataapp.us,dataapp,.us,⚠️ For Sale,71.0,High Value,67.5,85.0,63.2,30.0,86.0,80.0,90.0,generator,2026-06-17 10:19:45,2026-06-17 10:21:24,🇺🇸 USA
stellar.ai,stellar,.ai,❌ Taken,70.99,High Value,378.0,70.0,46.56,92.0,82.75,80.0,80.0,generator,2026-06-17 10:19:45,2026-06-17 10:21:24,🇺🇸 USA
signgrow.com,signgrow,.com,⚠️ For Sale,70.98,High Value,49.68,70.0,48.5,100.0,77.25,74.0,60.0,generator,2026-06-17 10:19:45,2026-06-17 10:21:24,🌐 Global
cloudcare.us,cloudcare,.us,⚠️ For Sale,70.93,High Value,54.0,95.0,59.12,30.0,82.25,67.0,95.0,generator,2026-06-17 10:19:45,2026-06-17 10:21:24,🇺🇸 USA
hosthub.com,hosthub,.com,❌ Taken,70.86,High Value,62.1,70.0,43.65,100.0,79.75,80.0,72.0,generator,2026-06-17 10:19:45,2026-06-17 10:21:24,🇦🇺 Australia
primemed.com,primemed,.com,⚠️ For Sale,70.79,High Value,49.68,70.0,53.35,100.0,70.25,74.0,85.0,generator,2026-06-17 10:19:45,2026-06-17 10:21:24,🇮🇳 India
mybank.com,mybank,.com,❌ Taken,70.78,High Value,62.1,70.0,48.5,100.0,70.75,85.0,37.0,generator,2026-06-17 10:19:45,2026-06-17 10:21:24,🇩🇪 Germany
clipmint.com,clipmint,.com,⚠️ For Sale,70.76,High Value,49.68,70.0,43.65,100.0,82.25,74.0,80.0,generator,2026-06-17 10:19:45,2026-06-17 10:21:24,🇦🇪 UAE
sellgame.de,sellgame,.de,✅ Available,70.61,High Value,54.0,85.0,64.04,30.0,86.0,74.0,87.0,generator,2026-06-17 10:19:45,2026-06-17 10:21:24,🇩🇪 Germany
iongame.net,iongame,.net,✅ Available,70.59,High Value,67.5,70.0,65.96,70.0,73.0,80.0,85.0,generator,2026-06-17 10:19:45,2026-06-17 10:21:24,🇺🇸 USA
getauto.net,getauto,.net,✅ Available,70.56,High Value,67.5,70.0,63.05,70.0,76.5,80.0,80.0,generator,2026-06-17 10:19:45,2026-06-17 10:21:24,🌐 Global
biopro.ae,biopro,.ae,✅ Available,70.45,High Value,67.5,85.0,57.0,30.0,88.5,85.0,95.0,generator,2026-06-17 10:19:45,2026-06-17 10:21:24,🇦🇪 UAE
quantum.ae,quantum,.ae,❌ Taken,70.3,High Value,67.5,80.0,68.0,30.0,84.0,80.0,90.0,generator,2026-06-17 10:19:45,2026-06-17 10:21:24,🇦🇪 UAE
quantum.in,quantum,.in,❌ Taken,70.3,High Value,67.5,80.0,68.0,30.0,84.0,80.0,90.0,generator,2026-06-17 10:19:45,2026-06-17 10:21:24,🇮🇳 India
turbotech.ae,turbotech,.ae,❌ Taken,70.19,High Value,54.0,85.0,69.16,30.0,81.0,67.0,85.0,generator,2026-06-17 10:19:45,2026-06-17 10:21:24,🇦🇪 UAE
neogreen.com,neogreen,.com,⚠️ For Sale,70.17,High Value,49.68,70.0,48.5,100.0,73.25,74.0,90.0,generator,2026-06-17 10:19:45,2026-06-17 10:21:24,🇬🇧 UK
hubdock.ai,hubdock,.ai,✅ Available,70.16,High Value,378.0,70.0,43.65,92.0,82.25,80.0,80.0,generator,2026-06-17 10:19:45,2026-06-17 10:21:24,🇺🇸 USA
drawhealth.co,drawhealth,.co,✅ Available,70.16,High Value,86.4,70.0,63.05,78.0,78.5,60.0,82.0,generator,2026-06-17 10:19:45,2026-06-17 10:21:24,🌐 Global
growdata.ae,growdata,.ae,✅ Available,70.05,High Value,54.0,85.0,62.2,30.0,85.5,74.0,90.0,generator,2026-06-17 10:19:45,2026-06-17 10:21:24,🇦🇪 UAE
cloudchat.co,cloudchat,.co,❌ Taken,69.89,Medium Value,62.4,70.0,60.14,78.0,77.25,67.0,82.0,generator,2026-06-17 10:19:45,2026-06-17 10:21:24,🇦🇪 UAE
bioapp.uk,bioapp,.uk,✅ Available,69.8,Medium Value,48.75,85.0,58.8,30.0,83.0,85.0,80.0,generator,2026-06-17 10:19:45,2026-06-17 10:21:24,🇬🇧 UK
getsync.com,getsync,.com,❌ Taken,69.67,Medium Value,44.85,70.0,48.5,100.0,67.75,80.0,25.0,generator,2026-06-17 10:19:45,2026-06-17 10:21:24,🌐 Global
mlpro.de,mlpro,.de,❌ Taken,69.45,Medium Value,65.0,85.0,74.6,30.0,59.0,90.0,55.0,generator,2026-06-17 10:19:45,2026-06-17 10:21:24,🇩🇪 Germany
arcpulse.com,arcpulse,.com,⚠️ For Sale,69.44,Medium Value,35.88,70.0,46.56,100.0,72.0,74.0,87.0,generator,2026-06-17 10:19:45,2026-06-17 10:21:24,🇦🇺 Australia
growsync.org,growsync,.org,❌ Taken,69.2,Medium Value,37.44,85.0,49.0,68.0,69.25,74.0,25.0,generator,2026-06-17 10:19:45,2026-06-17 10:21:24,🌐 Global
cloudbook.net,cloudbook,.net,✅ Available,69.19,Medium Value,39.0,70.0,60.14,70.0,79.75,67.0,90.0,generator,2026-06-17 10:19:45,2026-06-17 10:21:24,🇩🇪 Germany
shopshop.io,shopshop,.io,⚠️ For Sale,69.19,Medium Value,132.6,70.0,46.56,85.0,82.0,74.0,72.0,generator,2026-06-17 10:19:45,2026-06-17 10:21:24,🇦🇪 UAE
marketpro.ae,marketpro,.ae,✅ Available,69.07,Medium Value,29.25,95.0,52.67,30.0,81.0,67.0,82.0,generator,2026-06-17 10:19:45,2026-06-17 10:21:24,🇦🇪 UAE
netapp.us,netapp,.us,❌ Taken,68.9,Medium Value,48.75,85.0,52.8,30.0,86.0,85.0,90.0,generator,2026-06-17 10:19:45,2026-06-17 10:21:24,🇺🇸 USA
labpro.ae,labpro,.ae,✅ Available,68.85,Medium Value,48.75,85.0,52.6,30.0,86.0,85.0,87.0,generator,2026-06-17 10:19:45,2026-06-17 10:21:24,🇦🇪 UAE
ridecook.com,ridecook,.com,✅ Available,68.84,Medium Value,26.91,55.0,53.35,100.0,83.0,74.0,85.0,generator,2026-06-17 10:19:45,2026-06-17 10:21:24,🇺🇸 USA
meta.in,meta,.in,✅ Available,68.7,Medium Value,65.0,80.0,55.0,30.0,84.75,95.0,95.0,generator,2026-06-17 10:19:45,2026-06-17 10:21:24,🇮🇳 India
linkpro.tech,linkpro,.tech,❌ Taken,68.64,Medium Value,107.25,85.0,40.76,60.0,79.75,80.0,65.0,generator,2026-06-17 10:19:45,2026-06-17 10:21:24,🇩🇪 Germany
neobot.net,neobot,.net,❌ Taken,68.61,Medium Value,48.75,70.0,69.84,70.0,55.75,85.0,90.0,generator,2026-06-17 10:19:45,2026-06-17 10:21:24,🇺🇸 USA
learnmint.tech,learnmint,.tech,✅ Available,68.59,Medium Value,85.8,85.0,46.74,60.0,78.5,67.0,82.0,generator,2026-06-17 10:19:45,2026-06-17 10:21:24,🇩🇪 Germany
mybank.io,mybank,.io,❌ Taken,68.53,Medium Value,165.75,70.0,48.5,85.0,70.75,85.0,37.0,generator,2026-06-17 10:19:45,2026-06-17 10:21:24,🇬🇧 UK
cyberapp.us,cyberapp,.us,✅ Available,68.49,Medium Value,39.0,85.0,60.56,30.0,79.75,74.0,72.0,generator,2026-06-17 10:19:45,2026-06-17 10:21:24,🇺🇸 USA
myfit.co,myfit,.co,⚠️ For Sale,68.46,Medium Value,104.0,70.0,50.44,78.0,70.75,90.0,62.0,generator,2026-06-17 10:19:45,2026-06-17 10:21:24,🌐 Global
giftfind.com,giftfind,.com,⚠️ For Sale,68.44,Medium Value,26.91,55.0,53.35,100.0,81.0,74.0,72.0,generator,2026-06-17 10:19:45,2026-06-17 10:21:24,🌐 Global
findspot.ai,findspot,.ai,✅ Available,68.44,Medium Value,218.4,70.0,53.35,92.0,64.5,74.0,60.0,generator,2026-06-17 10:19:45,2026-06-17 10:21:24,🇮🇳 India
shopcode.ae,shopcode,.ae,✅ Available,68.4,Medium Value,39.0,85.0,53.2,30.0,88.5,74.0,95.0,generator,2026-06-17 10:19:45,2026-06-17 10:21:24,🇦🇪 UAE
payhealth.ae,payhealth,.ae,✅ Available,68.25,Medium Value,39.0,85.0,63.4,30.0,78.5,67.0,82.0,generator,2026-06-17 10:19:45,2026-06-17 10:21:24,🇦🇪 UAE
votecode.us,votecode,.us,✅ Available,67.98,Medium Value,39.0,85.0,53.9,30.0,85.5,74.0,90.0,generator,2026-06-17 10:19:45,2026-06-17 10:21:24,🇺🇸 USA
quantumpro.in,quantumpro,.in,✅ Available,67.96,Medium Value,39.0,85.0,64.04,30.0,79.75,60.0,82.0,generator,2026-06-17 10:19:45,2026-06-17 10:21:24,🇮🇳 India
healthapp.in,healthapp,.in,❌ Taken,67.95,Medium Value,39.0,85.0,63.2,30.0,77.25,67.0,82.0,generator,2026-06-17 10:19:45,2026-06-17 10:21:24,🇮🇳 India
healthapp.uk,healthapp,.uk,✅ Available,67.95,Medium Value,39.0,85.0,63.2,30.0,77.25,67.0,82.0,generator,2026-06-17 10:19:45,2026-06-17 10:21:24,🇬🇧 UK
stellarcore.tech,stellarcore,.tech,✅ Available,67.81,Medium Value,53.62,85.0,46.44,60.0,81.5,54.0,90.0,generator,2026-06-17 10:19:45,2026-06-17 10:21:24,🇩🇪 Germany
stellar.net,stellar,.net,❌ Taken,67.69,Medium Value,48.75,70.0,46.56,70.0,82.75,80.0,80.0,generator,2026-06-17 10:19:45,2026-06-17 10:21:24,🌐 Global
getsolar.ae,getsolar,.ae,✅ Available,67.66,Medium Value,39.0,85.0,55.84,30.0,81.5,74.0,85.0,generator,2026-06-17 10:19:45,2026-06-17 10:21:24,🇦🇪 UAE
getsolar.au,getsolar,.au,✅ Available,67.66,Medium Value,39.0,85.0,55.84,30.0,81.5,74.0,85.0,generator,2026-06-17 10:19:45,2026-06-17 10:21:24,🇦🇺 Australia
getgame.in,getgame,.in,✅ Available,67.59,Medium Value,48.75,70.0,65.96,30.0,88.0,80.0,95.0,generator,2026-06-17 10:19:45,2026-06-17 10:21:24,🇮🇳 India
getsell.co,getsell,.co,✅ Available,67.29,Medium Value,78.0,70.0,40.74,78.0,82.0,80.0,80.0,generator,2026-06-17 10:19:45,2026-06-17 10:21:24,🇦🇺 Australia
fundshop.co,fundshop,.co,⚠️ For Sale,67.19,Medium Value,62.4,70.0,46.56,78.0,77.25,74.0,60.0,generator,2026-06-17 10:19:45,2026-06-17 10:21:24,🇦🇪 UAE
pixel.us,pixel,.us,⚠️ For Sale,67.05,Medium Value,65.0,80.0,50.0,30.0,85.25,90.0,90.0,generator,2026-06-17 10:19:45,2026-06-17 10:21:24,🇺🇸 USA
bookware.com,bookware,.com,⚠️ For Sale,67.04,Medium Value,26.91,55.0,46.56,100.0,82.5,74.0,95.0,generator,2026-06-17 10:19:45,2026-06-17 10:21:24,🌐 Global
basestream.us,basestream,.us,✅ Available,67.0,Medium Value,39.0,85.0,61.2,30.0,78.5,60.0,77.0,generator,2026-06-17 10:19:45,2026-06-17 10:21:24,🇺🇸 USA
cliptrade.net,cliptrade,.net,✅ Available,66.76,Medium Value,39.0,70.0,50.44,70.0,79.75,67.0,87.0,generator,2026-06-17 10:19:45,2026-06-17 10:21:24,🇩🇪 Germany
snapstream.tech,snapstream,.tech,❌ Taken,66.71,Medium Value,85.8,70.0,63.05,60.0,74.75,60.0,70.0,generator,2026-06-17 10:19:45,2026-06-17 10:21:24,🇩🇪 Germany
gamegame.ae,gamegame,.ae,✅ Available,66.69,Medium Value,39.0,70.0,65.96,30.0,86.5,74.0,90.0,generator,2026-06-17 10:19:45,2026-06-17 10:21:24,🇦🇪 UAE
getneural.ae,getneural,.ae,✅ Available,66.69,Medium Value,39.0,70.0,72.75,30.0,81.5,67.0,85.0,generator,2026-06-17 10:19:45,2026-06-17 10:21:24,🇦🇪 UAE
ultraify.us,ultraify,.us,✅ Available,66.59,Medium Value,29.25,55.0,92.15,30.0,75.75,74.0,82.0,generator,2026-06-17 10:19:45,2026-06-17 10:21:24,🇺🇸 USA
myflow.org,myflow,.org,⚠️ For Sale,66.44,Medium Value,46.8,70.0,53.35,68.0,67.0,85.0,25.0,generator,2026-06-17 10:19:45,2026-06-17 10:21:24,🌐 Global
cloudstack.ae,cloudstack,.ae,✅ Available,66.39,Medium Value,39.0,85.0,59.76,30.0,77.25,60.0,82.0,generator,2026-06-17 10:19:45,2026-06-17 10:21:24,🇦🇪 UAE
cyberware.ae,cyberware,.ae,✅ Available,66.29,Medium Value,39.0,85.0,59.36,30.0,73.75,67.0,87.0,generator,2026-06-17 10:19:45,2026-06-17 10:21:24,🇦🇪 UAE
planmint.org,planmint,.org,✅ Available,66.21,Medium Value,37.44,70.0,43.65,68.0,83.5,74.0,80.0,generator,2026-06-17 10:19:45,2026-06-17 10:21:24,🌐 Global
arfeed.net,arfeed,.net,❌ Taken,66.04,Medium Value,48.75,70.0,46.56,70.0,72.0,85.0,90.0,generator,2026-06-17 10:19:45,2026-06-17 10:21:24,🌐 Global
lockdash.net,lockdash,.net,✅ Available,66.01,Medium Value,39.0,70.0,43.65,70.0,81.0,74.0,72.0,generator,2026-06-17 10:19:45,2026-06-17 10:21:24,🌐 Global
gamebook.in,gamebook,.in,⚠️ For Sale,65.99,Medium Value,39.0,70.0,65.96,30.0,83.0,74.0,85.0,generator,2026-06-17 10:19:45,2026-06-17 10:21:24,🇮🇳 India
gamenest.ae,gamenest,.ae,✅ Available,65.99,Medium Value,39.0,70.0,65.96,30.0,83.0,74.0,85.0,generator,2026-06-17 10:19:45,2026-06-17 10:21:24,🇦🇪 UAE
stackcloud.ae,stackcloud,.ae,✅ Available,65.89,Medium Value,39.0,85.0,59.76,30.0,74.75,60.0,70.0,generator,2026-06-17 10:19:45,2026-06-17 10:21:24,🇦🇪 UAE
grownet.in,grownet,.in,❌ Taken,65.7,Medium Value,48.75,85.0,44.0,30.0,83.5,80.0,80.0,generator,2026-06-17 10:19:45,2026-06-17 10:21:24,🇮🇳 India
dashcore.ae,dashcore,.ae,✅ Available,65.55,Medium Value,39.0,85.0,43.8,30.0,86.0,74.0,87.0,generator,2026-06-17 10:19:45,2026-06-17 10:21:24,🇦🇪 UAE
defiapp.in,defiapp,.in,✅ Available,65.5,Medium Value,48.75,85.0,57.8,30.0,65.25,80.0,90.0,generator,2026-06-17 10:19:45,2026-06-17 10:21:24,🇮🇳 India
tokenvault.com,tokenvault,.com,❌ Taken,65.49,Medium Value,35.88,70.0,53.35,100.0,50.75,60.0,85.0,generator,2026-06-17 10:19:45,2026-06-17 10:21:24,🇬🇧 UK
clippay.de,clippay,.de,⚠️ For Sale,65.48,Medium Value,48.75,70.0,60.14,30.0,84.75,80.0,80.0,generator,2026-06-17 10:19:45,2026-06-17 10:21:24,🇩🇪 Germany
leadapp.de,leadapp,.de,❌ Taken,65.45,Medium Value,48.75,85.0,57.6,30.0,65.25,80.0,90.0,generator,2026-06-17 10:19:45,2026-06-17 10:21:24,🇩🇪 Germany
blockmeet.io,blockmeet,.io,❌ Taken,65.42,Medium Value,132.6,70.0,48.5,85.0,64.25,67.0,82.0,generator,2026-06-17 10:19:45,2026-06-17 10:21:24,🇬🇧 UK
playstack.de,playstack,.de,❌ Taken,65.4,Medium Value,39.0,85.0,58.0,30.0,71.0,67.0,72.0,generator,2026-06-17 10:19:45,2026-06-17 10:21:24,🇩🇪 Germany
gamepulse.de,gamepulse,.de,❌ Taken,65.39,Medium Value,39.0,70.0,65.96,30.0,83.5,67.0,90.0,generator,2026-06-17 10:19:45,2026-06-17 10:21:24,🇩🇪 Germany
pulsedeep.au,pulsedeep,.au,✅ Available,65.38,Medium Value,39.0,70.0,67.9,30.0,81.0,67.0,85.0,generator,2026-06-17 10:19:45,2026-06-17 10:21:24,🇦🇺 Australia
paygift.us,paygift,.us,✅ Available,65.23,Medium Value,48.75,70.0,60.14,30.0,83.5,80.0,80.0,generator,2026-06-17 10:19:45,2026-06-17 10:21:24,🇺🇸 USA
buildpay.us,buildpay,.us,✅ Available,65.14,Medium Value,39.0,70.0,60.14,30.0,86.0,74.0,82.0,generator,2026-06-17 10:19:45,2026-06-17 10:21:24,🇺🇸 USA
nfthub.tech,nfthub,.tech,✅ Available,65.08,Medium Value,107.25,85.0,43.1,60.0,56.5,85.0,25.0,generator,2026-06-17 10:19:45,2026-06-17 10:21:24,🇩🇪 Germany
pixelpath.co,pixelpath,.co,⚠️ For Sale,64.88,Medium Value,62.4,70.0,48.5,78.0,66.75,67.0,85.0,generator,2026-06-17 10:19:45,2026-06-17 10:21:24,🌐 Global
paysnap.in,paysnap,.in,❌ Taken,64.73,Medium Value,48.75,70.0,60.14,30.0,81.0,80.0,72.0,generator,2026-06-17 10:19:45,2026-06-17 10:21:24,🇮🇳 India
cleantrade.us,cleantrade,.us,✅ Available,64.69,Medium Value,39.0,85.0,50.96,30.0,79.75,60.0,87.0,generator,2026-06-17 10:19:45,2026-06-17 10:21:24,🇺🇸 USA
getauto.in,getauto,.in,✅ Available,64.56,Medium Value,48.75,70.0,63.05,30.0,76.5,80.0,80.0,generator,2026-06-17 10:19:45,2026-06-17 10:21:24,🇮🇳 India
giftshop.tech,giftshop,.tech,✅ Available,64.49,Medium Value,85.8,70.0,46.56,60.0,77.25,74.0,60.0,generator,2026-06-17 10:19:45,2026-06-17 10:21:24,🇩🇪 Germany
getplay.us,getplay,.us,⚠️ For Sale,64.45,Medium Value,48.75,70.0,58.2,30.0,82.0,80.0,72.0,generator,2026-06-17 10:19:45,2026-06-17 10:21:24,🇺🇸 USA
linkmint.ae,linkmint,.ae,✅ Available,64.45,Medium Value,39.0,85.0,43.4,30.0,81.0,74.0,72.0,generator,2026-06-17 10:19:45,2026-06-17 10:21:24,🇦🇪 UAE
proio.org,proio,.org,✅ Available,64.19,Medium Value,62.4,70.0,40.74,68.0,69.0,90.0,75.0,generator,2026-06-17 10:19:45,2026-06-17 10:21:24,🌐 Global
databuild.in,databuild,.in,✅ Available,64.16,Medium Value,39.0,70.0,63.05,30.0,81.0,67.0,85.0,generator,2026-06-17 10:19:45,2026-06-17 10:21:24,🇮🇳 India
vitapro.in,vitapro,.in,✅ Available,64.04,Medium Value,48.75,85.0,41.16,30.0,78.75,80.0,90.0,generator,2026-06-17 10:19:45,2026-06-17 10:21:24,🇮🇳 India
getnft.com,getnft,.com,⚠️ For Sale,63.99,Medium Value,44.85,70.0,33.95,100.0,55.0,85.0,25.0,generator,2026-06-17 10:19:45,2026-06-17 10:21:24,🌐 Global
vitastack.in,vitastack,.in,❌ Taken,63.74,Medium Value,39.0,85.0,49.96,30.0,72.75,67.0,85.0,generator,2026-06-17 10:19:45,2026-06-17 10:21:24,🇮🇳 India
getcoin.uk,getcoin,.uk,✅ Available,63.74,Medium Value,48.75,70.0,53.35,30.0,84.5,80.0,90.0,generator,2026-06-17 10:19:45,2026-06-17 10:21:24,🇬🇧 UK
axisgame.in,axisgame,.in,✅ Available,63.69,Medium Value,39.0,70.0,65.96,30.0,71.5,74.0,90.0,generator,2026-06-17 10:19:45,2026-06-17 10:21:24,🇮🇳 India
cloudvote.us,cloudvote,.us,✅ Available,63.69,Medium Value,39.0,70.0,60.14,30.0,82.25,67.0,95.0,generator,2026-06-17 10:19:45,2026-06-17 10:21:24,🇺🇸 USA
planlab.us,planlab,.us,❌ Taken,63.54,Medium Value,48.75,70.0,53.35,30.0,83.5,80.0,80.0,generator,2026-06-17 10:19:45,2026-06-17 10:21:24,🇺🇸 USA
streamride.de,streamride,.de,✅ Available,63.46,Medium Value,39.0,70.0,63.05,30.0,81.0,60.0,87.0,generator,2026-06-17 10:19:45,2026-06-17 10:21:24,🇩🇪 Germany
farmtrack.com,farmtrack,.com,⚠️ For Sale,63.29,Medium Value,26.91,55.0,46.56,100.0,67.25,67.0,60.0,generator,2026-06-17 10:19:45,2026-06-17 10:21:24,🌐 Global
mystream.de,mystream,.de,✅ Available,63.06,Medium Value,39.0,70.0,63.05,30.0,72.0,74.0,50.0,generator,2026-06-17 10:19:45,2026-06-17 10:21:24,🇩🇪 Germany
stellarforge.ai,stellarforge,.ai,⚠️ For Sale,63.04,Medium Value,136.5,55.0,46.56,92.0,81.5,48.0,90.0,generator,2026-06-17 10:19:45,2026-06-17 10:21:24,🇮🇳 India
mycoin.ae,mycoin,.ae,⚠️ For Sale,62.99,Medium Value,48.75,70.0,53.35,30.0,78.25,85.0,72.0,generator,2026-06-17 10:19:45,2026-06-17 10:21:24,🇦🇪 UAE
drawcloud.uk,drawcloud,.uk,✅ Available,62.94,Medium Value,39.0,70.0,60.14,30.0,78.5,67.0,82.0,generator,2026-06-17 10:19:45,2026-06-17 10:21:24,🇬🇧 UK
trackfarm.ai,trackfarm,.ai,✅ Available,62.84,Medium Value,163.8,55.0,46.56,92.0,71.0,67.0,72.0,generator,2026-06-17 10:19:45,2026-06-17 10:21:24,🇮🇳 India
fitrent.de,fitrent,.de,❌ Taken,62.81,Medium Value,48.75,70.0,50.44,30.0,83.5,80.0,80.0,generator,2026-06-17 10:19:45,2026-06-17 10:21:24,🇩🇪 Germany
quantumio.in,quantumio,.in,✅ Available,62.74,Medium Value,39.0,70.0,65.96,30.0,70.25,67.0,80.0,generator,2026-06-17 10:19:45,2026-06-17 10:21:24,🇮🇳 India
esportapp.ae,esportapp,.ae,✅ Available,62.7,Medium Value,39.0,85.0,58.0,30.0,57.5,67.0,85.0,generator,2026-06-17 10:19:45,2026-06-17 10:21:24,🇦🇪 UAE
cloudsnap.de,cloudsnap,.de,❌ Taken,62.69,Medium Value,39.0,70.0,60.14,30.0,77.25,67.0,82.0,generator,2026-06-17 10:19:45,2026-06-17 10:21:24,🇩🇪 Germany
healthride.de,healthride,.de,✅ Available,62.66,Medium Value,39.0,70.0,63.05,30.0,77.0,60.0,75.0,generator,2026-06-17 10:19:45,2026-06-17 10:21:24,🇩🇪 Germany
codesend.ae,codesend,.ae,✅ Available,62.59,Medium Value,39.0,70.0,53.35,30.0,81.75,74.0,85.0,generator,2026-06-17 10:19:45,2026-06-17 10:21:24,🇦🇪 UAE
sparksell.ae,sparksell,.ae,✅ Available,62.51,Medium Value,29.25,85.0,46.44,30.0,71.0,67.0,72.0,generator,2026-06-17 10:19:45,2026-06-17 10:21:24,🇦🇪 UAE
talkstream.in,talkstream,.in,✅ Available,62.41,Medium Value,39.0,70.0,63.05,30.0,75.75,60.0,70.0,generator,2026-06-17 10:19:45,2026-06-17 10:21:24,🇮🇳 India
botworks.au,botworks,.au,✅ Available,62.41,Medium Value,39.0,70.0,69.84,30.0,60.25,74.0,72.0,generator,2026-06-17 10:19:45,2026-06-17 10:21:24,🇦🇺 Australia
fluxstream.de,fluxstream,.de,✅ Available,62.21,Medium Value,39.0,70.0,63.05,30.0,74.75,60.0,70.0,generator,2026-06-17 10:19:45,2026-06-17 10:21:24,🇩🇪 Germany
mytech.us,mytech,.us,❌ Taken,62.21,Medium Value,48.75,70.0,56.26,30.0,70.75,85.0,37.0,generator,2026-06-17 10:19:45,2026-06-17 10:21:24,🇺🇸 USA
testcloud.in,testcloud,.in,❌ Taken,62.19,Medium Value,39.0,70.0,60.14,30.0,74.75,67.0,70.0,generator,2026-06-17 10:19:45,2026-06-17 10:21:24,🇮🇳 India
getclean.in,getclean,.in,❌ Taken,61.91,Medium Value,39.0,70.0,50.44,30.0,82.0,74.0,82.0,generator,2026-06-17 10:19:45,2026-06-17 10:21:24,🇮🇳 India
trackcode.de,trackcode,.de,❌ Taken,61.74,Medium Value,39.0,70.0,53.35,30.0,81.0,67.0,87.0,generator,2026-06-17 10:19:45,2026-06-17 10:21:24,🇩🇪 Germany
pixelly.ae,pixelly,.ae,✅ Available,61.73,Medium Value,48.75,70.0,48.5,30.0,80.5,80.0,72.0,generator,2026-06-17 10:19:45,2026-06-17 10:21:24,🇦🇪 UAE
getmed.in,getmed,.in,❌ Taken,61.69,Medium Value,48.75,70.0,53.35,30.0,71.75,85.0,90.0,generator,2026-06-17 10:19:45,2026-06-17 10:21:24,🇮🇳 India
findchat.us,findchat,.us,✅ Available,61.69,Medium Value,39.0,70.0,53.35,30.0,77.25,74.0,60.0,generator,2026-06-17 10:19:45,2026-06-17 10:21:24,🇺🇸 USA
vibetrade.de,vibetrade,.de,❌ Taken,61.51,Medium Value,39.0,70.0,50.44,30.0,83.5,67.0,90.0,generator,2026-06-17 10:19:45,2026-06-17 10:21:24,🇩🇪 Germany
getstack.ae,getstack,.ae,✅ Available,61.41,Medium Value,39.0,70.0,50.44,30.0,79.5,74.0,72.0,generator,2026-06-17 10:19:45,2026-06-17 10:21:24,🇦🇪 UAE
mypixel.in,mypixel,.in,❌ Taken,61.38,Medium Value,48.75,70.0,48.5,30.0,78.75,80.0,72.0,generator,2026-06-17 10:19:45,2026-06-17 10:21:24,🇮🇳 India
mintcraft.tech,mintcraft,.tech,❌ Taken,61.06,Medium Value,85.8,70.0,43.65,60.0,67.25,67.0,60.0,generator,2026-06-17 10:19:45,2026-06-17 10:21:24,🇩🇪 Germany
pixelhire.us,pixelhire,.us,✅ Available,61.03,Medium Value,39.0,70.0,48.5,30.0,83.5,67.0,90.0,generator,2026-06-17 10:19:45,2026-06-17 10:21:24,🇺🇸 USA
ridehub.au,ridehub,.au,❌ Taken,61.01,Medium Value,48.75,70.0,43.65,30.0,83.0,80.0,85.0,generator,2026-06-17 10:19:45,2026-06-17 10:21:24,🇦🇺 Australia
bookcore.ae,bookcore,.ae,✅ Available,60.79,Medium Value,39.0,70.0,40.74,30.0,88.5,74.0,95.0,generator,2026-06-17 10:19:45,2026-06-17 10:21:24,🇦🇪 UAE
fusionstream.us,fusionstream,.us,✅ Available,60.61,Medium Value,32.5,70.0,63.05,30.0,72.75,48.0,65.0,generator,2026-06-17 10:19:45,2026-06-17 10:21:24,🇺🇸 USA
mintfeed.in,mintfeed,.in,❌ Taken,60.51,Medium Value,39.0,70.0,43.65,30.0,83.5,74.0,82.0,generator,2026-06-17 10:19:45,2026-06-17 10:21:24,🇮🇳 India
hosthub.ae,hosthub,.ae,✅ Available,60.36,Medium Value,48.75,70.0,43.65,30.0,79.75,80.0,72.0,generator,2026-06-17 10:19:45,2026-06-17 10:21:24,🇦🇪 UAE
sellride.in,sellride,.in,✅ Available,60.29,Medium Value,39.0,70.0,40.74,30.0,86.0,74.0,87.0,generator,2026-06-17 10:19:45,2026-06-17 10:21:24,🇮🇳 India
earthmeet.us,earthmeet,.us,✅ Available,60.24,Medium Value,29.25,85.0,46.74,30.0,59.25,67.0,70.0,generator,2026-06-17 10:19:45,2026-06-17 10:21:24,🇺🇸 USA
digihealth.uk,digihealth,.uk,❌ Taken,60.11,Medium Value,39.0,70.0,63.05,30.0,64.25,60.0,77.0,generator,2026-06-17 10:19:45,2026-06-17 10:21:24,🇬🇧 UK
mygreen.ae,mygreen,.ae,✅ Available,60.02,Medium Value,48.75,70.0,48.5,30.0,72.0,80.0,50.0,generator,2026-06-17 10:19:45,2026-06-17 10:21:24,🇦🇪 UAE
snapsell.uk,snapsell,.uk,❌ Taken,59.99,Medium Value,39.0,70.0,40.74,30.0,84.5,74.0,80.0,generator,2026-06-17 10:19:45,2026-06-17 10:21:24,🇬🇧 UK
mybase.in,mybase,.in,❌ Taken,59.85,Medium Value,48.75,70.0,38.8,30.0,80.75,85.0,77.0,generator,2026-06-17 10:19:45,2026-06-17 10:21:24,🇮🇳 India
nextwell.au,nextwell,.au,✅ Available,59.39,Medium Value,39.0,70.0,46.56,30.0,74.25,74.0,72.0,generator,2026-06-17 10:19:45,2026-06-17 10:21:24,🇦🇺 Australia
mynet.com,mynet,.com,❌ Taken,59.15,Medium Value,59.8,70.0,0.0,100.0,70.75,90.0,62.0,generator,2026-06-17 10:19:45,2026-06-17 10:21:24,🌐 Global
findship.us,findship,.us,✅ Available,59.14,Medium Value,39.0,70.0,53.35,30.0,64.5,74.0,60.0,generator,2026-06-17 10:19:45,2026-06-17 10:21:24,🇺🇸 USA
arcpulse.us,arcpulse,.us,✅ Available,58.94,Medium Value,39.0,70.0,46.56,30.0,72.0,74.0,87.0,generator,2026-06-17 10:19:45,2026-06-17 10:21:24,🇺🇸 USA
ridevote.de,ridevote,.de,✅ Available,58.84,Medium Value,29.25,55.0,53.35,30.0,85.5,74.0,90.0,generator,2026-06-17 10:19:45,2026-06-17 10:21:24,🇩🇪 Germany
buildmint.in,buildmint,.in,❌ Taken,58.81,Medium Value,39.0,70.0,43.65,30.0,78.5,67.0,82.0,generator,2026-06-17 10:19:45,2026-06-17 10:21:24,🇮🇳 India
mintbuild.uk,mintbuild,.uk,⚠️ For Sale,58.81,Medium Value,39.0,70.0,43.65,30.0,78.5,67.0,82.0,generator,2026-06-17 10:19:45,2026-06-17 10:21:24,🇬🇧 UK
cookfind.de,cookfind,.de,✅ Available,58.69,Medium Value,29.25,55.0,53.35,30.0,84.75,74.0,90.0,generator,2026-06-17 10:19:45,2026-06-17 10:21:24,🇩🇪 Germany
growtrack.us,growtrack,.us,✅ Available,58.53,Medium Value,39.0,70.0,48.5,30.0,71.0,67.0,72.0,generator,2026-06-17 10:19:45,2026-06-17 10:21:24,🇺🇸 USA
gettoken.us,gettoken,.us,✅ Available,58.39,Medium Value,39.0,70.0,53.35,30.0,60.75,74.0,85.0,generator,2026-06-17 10:19:45,2026-06-17 10:21:24,🇺🇸 USA
wellpulse.de,wellpulse,.de,✅ Available,58.39,Medium Value,39.0,70.0,46.56,30.0,72.75,67.0,87.0,generator,2026-06-17 10:19:45,2026-06-17 10:21:24,🇩🇪 Germany
blazewell.ae,blazewell,.ae,✅ Available,58.39,Medium Value,39.0,70.0,46.56,30.0,72.75,67.0,85.0,generator,2026-06-17 10:19:45,2026-06-17 10:21:24,🇦🇪 UAE
mysell.ae,mysell,.ae,✅ Available,58.34,Medium Value,48.75,70.0,40.74,30.0,70.75,85.0,37.0,generator,2026-06-17 10:19:45,2026-06-17 10:21:24,🇦🇪 UAE
myvita.de,myvita,.de,❌ Taken,58.23,Medium Value,48.75,70.0,40.74,30.0,70.25,85.0,87.0,generator,2026-06-17 10:19:45,2026-06-17 10:21:24,🇩🇪 Germany
tradespot.de,tradespot,.de,❌ Taken,58.16,Medium Value,39.0,70.0,50.44,30.0,66.75,67.0,85.0,generator,2026-06-17 10:19:45,2026-06-17 10:21:24,🇩🇪 Germany
blazetoken.de,blazetoken,.de,✅ Available,57.79,Medium Value,39.0,70.0,53.35,30.0,64.75,60.0,75.0,generator,2026-06-17 10:19:45,2026-06-17 10:21:24,🇩🇪 Germany
mydev.us,mydev,.us,❌ Taken,57.69,Medium Value,65.0,70.0,53.35,30.0,49.25,90.0,62.0,generator,2026-06-17 10:19:45,2026-06-17 10:21:24,🇺🇸 USA
helixcode.de,helixcode,.de,❌ Taken,57.54,Medium Value,39.0,70.0,53.35,30.0,60.0,67.0,90.0,generator,2026-06-17 10:19:45,2026-06-17 10:21:24,🇩🇪 Germany
learnship.net,learnship,.net,✅ Available,57.44,Medium Value,29.25,55.0,46.56,70.0,60.5,67.0,70.0,generator,2026-06-17 10:19:45,2026-06-17 10:21:24,🌐 Global
swiftdash.de,swiftdash,.de,✅ Available,57.31,Medium Value,39.0,70.0,43.65,30.0,71.0,67.0,72.0,generator,2026-06-17 10:19:45,2026-06-17 10:21:24,🇩🇪 Germany
mywell.us,mywell,.us,⚠️ For Sale,57.09,Medium Value,48.75,70.0,46.56,30.0,57.25,85.0,37.0,generator,2026-06-17 10:19:45,2026-06-17 10:21:24,🇺🇸 USA
mylead.de,mylead,.de,❌ Taken,56.99,Medium Value,48.75,70.0,46.56,30.0,56.75,85.0,72.0,generator,2026-06-17 10:19:45,2026-06-17 10:21:24,🇩🇪 Germany
fluxfarm.de,fluxfarm,.de,✅ Available,56.94,Medium Value,29.25,55.0,46.56,30.0,84.5,74.0,80.0,generator,2026-06-17 10:19:45,2026-06-17 10:21:24,🇩🇪 Germany
echotrade.de,echotrade,.de,❌ Taken,56.81,Medium Value,39.0,70.0,50.44,30.0,60.0,67.0,90.0,generator,2026-06-17 10:19:45,2026-06-17 10:21:24,🇩🇪 Germany
diginet.com,diginet,.com,⚠️ For Sale,56.45,Medium Value,44.85,70.0,0.0,100.0,62.25,80.0,85.0,generator,2026-06-17 10:19:45,2026-06-17 10:21:24,🌐 Global
hypernet.co,hypernet,.co,⚠️ For Sale,56.05,Medium Value,62.4,70.0,0.0,78.0,79.75,74.0,72.0,generator,2026-06-17 10:19:45,2026-06-17 10:21:24,🇦🇺 Australia
netflix.com,netflix,.com,❌ Taken,56.05,Medium Value,44.85,70.0,0.0,100.0,60.25,80.0,72.0,rdap,2026-06-17 10:20:55,2026-06-17 10:21:24,Unknown
booklearn.de,booklearn,.de,✅ Available,55.54,Medium Value,29.25,55.0,46.56,30.0,81.0,67.0,90.0,generator,2026-06-17 10:19:45,2026-06-17 10:21:24,🇩🇪 Germany
hyperfind.in,hyperfind,.in,✅ Available,54.99,Medium Value,29.25,55.0,53.35,30.0,69.75,67.0,72.0,generator,2026-06-17 10:19:45,2026-06-17 10:21:24,🇮🇳 India
learnbuild.us,learnbuild,.us,✅ Available,54.34,Medium Value,29.25,55.0,46.56,30.0,78.5,60.0,82.0,generator,2026-06-17 10:19:45,2026-06-17 10:21:24,🇺🇸 USA
sparktest.us,sparktest,.us,✅ Available,53.54,Medium Value,29.25,55.0,46.56,30.0,71.0,67.0,72.0,generator,2026-06-17 10:19:45,2026-06-17 10:21:24,🇺🇸 USA
stellarspace.de,stellarspace,.de,❌ Taken,53.24,Medium Value,24.38,55.0,46.56,30.0,79.0,48.0,82.0,generator,2026-06-17 10:19:45,2026-06-17 10:21:24,🇩🇪 Germany
rarop.in,rarop,.in,✅ Available,52.99,Medium Value,48.75,55.0,46.56,30.0,56.75,90.0,90.0,generator,2026-06-17 10:19:45,2026-06-17 10:21:24,🇮🇳 India
mynft.us,mynft,.us,⚠️ For Sale,52.09,Medium Value,65.0,70.0,33.95,30.0,45.5,90.0,25.0,generator,2026-06-17 10:19:45,2026-06-17 10:21:24,🇺🇸 USA
omninet.de,omninet,.de,❌ Taken,45.7,Medium Value,37.5,70.0,0.0,30.0,61.0,80.0,85.0,generator,2026-06-17 10:19:45,2026-06-17 10:21:24,🇩🇪 Germany
super.com,super,.com,❌ Taken,42.2,Medium Value,23.0,0.0,0.0,100.0,91.0,90.0,90.0,generator,2026-06-17 10:19:45,2026-06-17 10:21:24,🇦🇺 Australia
turbo.com,turbo,.com,⚠️ For Sale,41.55,Medium Value,23.0,0.0,0.0,100.0,87.75,90.0,95.0,generator,2026-06-17 10:19:45,2026-06-17 10:21:24,🇦🇺 Australia
talkify.com,talkify,.com,❌ Taken,41.4,Medium Value,17.25,10.0,0.0,100.0,77.0,80.0,80.0,generator,2026-06-17 10:19:45,2026-06-17 10:21:24,🌐 Global
orbit.com,orbit,.com,❌ Taken,40.8,Medium Value,23.0,0.0,0.0,100.0,84.0,90.0,90.0,generator,2026-06-17 10:19:45,2026-06-17 10:21:24,🇬🇧 UK
fusion.com,fusion,.com,❌ Taken,40.55,Medium Value,17.25,0.0,0.0,100.0,85.25,85.0,90.0,generator,2026-06-17 10:19:45,2026-06-17 10:21:24,🌐 Global
minesend.com,minesend,.com,❌ Taken,39.0,Low Value,13.8,0.0,0.0,100.0,83.0,74.0,85.0,generator,2026-06-17 10:19:45,2026-06-17 10:21:24,🌐 Global
hostcook.com,hostcook,.com,❌ Taken,38.85,Low Value,13.8,0.0,0.0,100.0,82.25,74.0,82.0,generator,2026-06-17 10:19:45,2026-06-17 10:21:24,🌐 Global
chathost.com,chathost,.com,❌ Taken,38.85,Low Value,13.8,0.0,0.0,100.0,82.25,74.0,80.0,generator,2026-06-17 10:19:45,2026-06-17 10:21:24,🌐 Global
hireplan.com,hireplan,.com,⚠️ For Sale,38.75,Low Value,13.8,0.0,0.0,100.0,81.75,74.0,85.0,generator,2026-06-17 10:19:45,2026-06-17 10:21:24,🌐 Global
primeride.com,primeride,.com,✅ Available,38.4,Low Value,13.8,0.0,0.0,100.0,83.5,67.0,90.0,generator,2026-06-17 10:19:45,2026-06-17 10:21:24,🇦🇪 UAE
vibespace.com,vibespace,.com,❌ Taken,38.4,Low Value,13.8,0.0,0.0,100.0,83.5,67.0,90.0,generator,2026-06-17 10:19:45,2026-06-17 10:21:24,🇬🇧 UK
bookmind.ai,bookmind,.ai,❌ Taken,38.4,Low Value,84.0,0.0,0.0,92.0,86.0,74.0,90.0,generator,2026-06-17 10:19:45,2026-06-17 10:21:24,🇮🇳 India
turbosnap.com,turbosnap,.com,❌ Taken,37.9,Low Value,13.8,0.0,0.0,100.0,81.0,67.0,85.0,generator,2026-06-17 10:19:45,2026-06-17 10:21:24,🇦🇪 UAE
feedbuild.com,feedbuild,.com,⚠️ For Sale,37.9,Low Value,13.8,0.0,0.0,100.0,81.0,67.0,90.0,generator,2026-06-17 10:19:45,2026-06-17 10:21:24,🇦🇺 Australia
minescan.com,minescan,.com,❌ Taken,37.8,Low Value,13.8,0.0,0.0,100.0,77.0,74.0,85.0,generator,2026-06-17 10:19:45,2026-06-17 10:21:24,🌐 Global
gifttest.ai,gifttest,.ai,✅ Available,37.4,Low Value,84.0,0.0,0.0,92.0,81.0,74.0,72.0,generator,2026-06-17 10:19:45,2026-06-17 10:21:24,🌐 Global
talkfund.ai,talkfund,.ai,✅ Available,37.4,Low Value,84.0,0.0,0.0,92.0,81.0,74.0,72.0,generator,2026-06-17 10:19:45,2026-06-17 10:21:24,🇺🇸 USA
google.com,google,.com,❌ Taken,37.1,Low Value,17.25,0.0,0.0,100.0,68.0,85.0,85.0,rdap,2026-06-17 10:19:45,2026-06-17 10:21:24,Unknown
neon.ai,neon,.ai,❌ Taken,37.05,Low Value,140.0,0.0,0.0,92.0,68.75,95.0,80.0,generator,2026-06-17 10:19:45,2026-06-17 10:21:24,🇮🇳 India
luxsnap.com,luxsnap,.com,⚠️ For Sale,36.65,Low Value,17.25,0.0,0.0,100.0,68.25,80.0,72.0,generator,2026-06-17 10:19:45,2026-06-17 10:21:24,🇦🇺 Australia
neowave.com,neowave,.com,❌ Taken,36.65,Low Value,17.25,0.0,0.0,100.0,68.25,80.0,85.0,generator,2026-06-17 10:19:45,2026-06-17 10:21:24,🌐 Global
hostbook.io,hostbook,.io,❌ Taken,36.6,Low Value,51.0,0.0,0.0,85.0,82.25,74.0,82.0,generator,2026-06-17 10:19:45,2026-06-17 10:21:24,🇬🇧 UK
facebook.com,facebook,.com,❌ Taken,36.45,Low Value,13.8,0.0,0.0,100.0,70.25,74.0,85.0,rdap,2026-06-17 10:19:46,2026-06-17 10:21:24,Unknown
zenocook.ai,zenocook,.ai,✅ Available,36.35,Low Value,84.0,0.0,0.0,92.0,75.75,74.0,85.0,generator,2026-06-17 10:19:45,2026-06-17 10:21:24,🇮🇳 India
buildtalk.ai,buildtalk,.ai,✅ Available,36.2,Low Value,84.0,0.0,0.0,92.0,78.5,67.0,82.0,generator,2026-06-17 10:19:45,2026-06-17 10:21:24,🇺🇸 USA
next.net,next,.net,❌ Taken,35.95,Low Value,25.0,0.0,0.0,70.0,79.75,95.0,70.0,generator,2026-06-17 10:19:45,2026-06-17 10:21:24,🇩🇪 Germany
ultrabook.ai,ultrabook,.ai,✅ Available,35.95,Low Value,84.0,0.0,0.0,92.0,77.25,67.0,77.0,generator,2026-06-17 10:19:45,2026-06-17 10:21:24,🇺🇸 USA
mumo.com,mumo,.com,✅ Available,35.75,Low Value,23.0,0.0,0.0,100.0,56.25,95.0,95.0,generator,2026-06-17 10:19:45,2026-06-17 10:21:24,🇦🇺 Australia
votenest.co,votenest,.co,✅ Available,35.7,Low Value,24.0,0.0,0.0,78.0,83.0,74.0,85.0,generator,2026-06-17 10:19:45,2026-06-17 10:21:24,🇦🇪 UAE
voteplan.co,voteplan,.co,✅ Available,35.7,Low Value,24.0,0.0,0.0,78.0,83.0,74.0,85.0,generator,2026-06-17 10:19:45,2026-06-17 10:21:24,🇦🇺 Australia
toya.com,toya,.com,❌ Taken,35.55,Low Value,23.0,0.0,0.0,100.0,55.25,95.0,95.0,generator,2026-06-17 10:19:45,2026-06-17 10:21:24,🇩🇪 Germany
vibe.tech,vibe,.tech,⚠️ For Sale,35.45,Low Value,55.0,0.0,0.0,60.0,84.75,95.0,85.0,generator,2026-06-17 10:19:45,2026-06-17 10:21:24,🇩🇪 Germany
hiresign.co,hiresign,.co,❌ Taken,35.45,Low Value,24.0,0.0,0.0,78.0,81.75,74.0,85.0,generator,2026-06-17 10:19:45,2026-06-17 10:21:24,🇦🇪 UAE
amazon.com,amazon,.com,❌ Taken,35.4,Low Value,17.25,0.0,0.0,100.0,59.5,85.0,85.0,rdap,2026-06-17 10:20:32,2026-06-17 10:21:24,Unknown
gevuk.com,gevuk,.com,✅ Available,35.15,Low Value,23.0,0.0,0.0,100.0,55.75,90.0,90.0,generator,2026-06-17 10:19:45,2026-06-17 10:21:24,🇩🇪 Germany
sendtrack.com,sendtrack,.com,⚠️ For Sale,35.15,Low Value,13.8,0.0,0.0,100.0,67.25,67.0,60.0,generator,2026-06-17 10:19:45,2026-06-17 10:21:24,🌐 Global
wipum.com,wipum,.com,✅ Available,35.15,Low Value,23.0,0.0,0.0,100.0,55.75,90.0,90.0,generator,2026-06-17 10:19:45,2026-06-17 10:21:24,🌐 Global
binij.com,binij,.com,✅ Available,35.15,Low Value,23.0,0.0,0.0,100.0,55.75,90.0,90.0,generator,2026-06-17 10:19:45,2026-06-17 10:21:24,🌐 Global
wobun.com,wobun,.com,❌ Taken,35.15,Low Value,23.0,0.0,0.0,100.0,55.75,90.0,90.0,generator,2026-06-17 10:19:45,2026-06-17 10:21:24,🇺🇸 USA
apexbook.ai,apexbook,.ai,✅ Available,35.0,Low Value,84.0,0.0,0.0,92.0,69.0,74.0,85.0,generator,2026-06-17 10:19:45,2026-06-17 10:21:24,🇮🇳 India
twitter.com,twitter,.com,❌ Taken,35.0,Low Value,17.25,0.0,0.0,100.0,60.0,80.0,80.0,rdap,2026-06-17 10:20:57,2026-06-17 10:21:24,Unknown
hypertrack.com,hypertrack,.com,❌ Taken,34.95,Low Value,13.8,0.0,0.0,100.0,69.75,60.0,72.0,generator,2026-06-17 10:19:45,2026-06-17 10:21:24,🌐 Global
helix.com,helix,.com,❌ Taken,34.9,Low Value,23.0,0.0,0.0,100.0,54.5,90.0,90.0,generator,2026-06-17 10:19:45,2026-06-17 10:21:24,🇦🇪 UAE
raz.com,raz,.com,❌ Taken,34.8,Low Value,34.5,0.0,0.0,100.0,50.75,96.5,80.0,generator,2026-06-17 10:19:45,2026-06-17 10:21:24,🌐 Global
mag.com,mag,.com,✅ Available,34.8,Low Value,34.5,0.0,0.0,100.0,50.75,96.5,80.0,generator,2026-06-17 10:19:45,2026-06-17 10:21:24,🌐 Global
axis.com,axis,.com,❌ Taken,34.8,Low Value,23.0,0.0,0.0,100.0,51.5,95.0,90.0,generator,2026-06-17 10:19:45,2026-06-17 10:21:24,🌐 Global
tug.com,tug,.com,❌ Taken,34.8,Low Value,34.5,0.0,0.0,100.0,50.75,96.5,80.0,generator,2026-06-17 10:19:45,2026-06-17 10:21:24,🇦🇪 UAE
ultra.tech,ultra,.tech,❌ Taken,34.8,Low Value,55.0,0.0,0.0,60.0,84.0,90.0,87.0,generator,2026-06-17 10:19:45,2026-06-17 10:21:24,🇩🇪 Germany
zenrent.org,zenrent,.org,❌ Taken,34.65,Low Value,18.0,0.0,0.0,68.0,82.25,80.0,80.0,generator,2026-06-17 10:19:45,2026-06-17 10:21:24,🌐 Global
ceg.com,ceg,.com,❌ Taken,34.55,Low Value,34.5,0.0,0.0,100.0,49.5,96.5,80.0,generator,2026-06-17 10:19:45,2026-06-17 10:21:24,🌐 Global
hom.com,hom,.com,❌ Taken,34.55,Low Value,34.5,0.0,0.0,100.0,49.5,96.5,80.0,generator,2026-06-17 10:19:45,2026-06-17 10:21:24,🇦🇪 UAE
snapsend.org,snapsend,.org,❌ Taken,34.5,Low Value,14.4,0.0,0.0,68.0,84.5,74.0,80.0,generator,2026-06-17 10:19:45,2026-06-17 10:21:24,🌐 Global
byte.tech,byte,.tech,⚠️ For Sale,34.45,Low Value,55.0,0.0,0.0,60.0,79.75,95.0,67.0,generator,2026-06-17 10:19:45,2026-06-17 10:21:24,🇩🇪 Germany
kisu.ai,kisu,.ai,⚠️ For Sale,34.35,Low Value,140.0,0.0,0.0,92.0,55.25,95.0,90.0,generator,2026-06-17 10:19:45,2026-06-17 10:21:24,🌐 Global
ionworks.co,ionworks,.co,✅ Available,34.2,Low Value,24.0,0.0,0.0,78.0,75.5,74.0,82.0,generator,2026-06-17 10:19:45,2026-06-17 10:21:24,🌐 Global
bookbox.tech,bookbox,.tech,✅ Available,34.2,Low Value,41.25,0.0,0.0,60.0,86.0,80.0,90.0,generator,2026-06-17 10:19:45,2026-06-17 10:21:24,🇩🇪 Germany
booktrack.co,booktrack,.co,❌ Taken,34.1,Low Value,24.0,0.0,0.0,78.0,78.5,67.0,82.0,generator,2026-06-17 10:19:45,2026-06-17 10:21:24,🇦🇺 Australia
fusionship.com,fusionship,.com,⚠️ For Sale,33.85,Low Value,13.8,0.0,0.0,100.0,64.25,60.0,77.0,generator,2026-06-17 10:19:45,2026-06-17 10:21:24,🌐 Global
neo.com,neo,.com,❌ Taken,33.8,Low Value,34.5,0.0,0.0,100.0,45.75,96.5,50.0,generator,2026-06-17 10:19:45,2026-06-17 10:21:24,🇦🇪 UAE
red.ai,red,.ai,❌ Taken,33.6,Low Value,210.0,0.0,0.0,92.0,50.75,96.5,80.0,generator,2026-06-17 10:19:45,2026-06-17 10:21:24,🇮🇳 India
yez.ai,yez,.ai,⚠️ For Sale,33.35,Low Value,210.0,0.0,0.0,92.0,49.5,96.5,80.0,generator,2026-06-17 10:19:45,2026-06-17 10:21:24,🇮🇳 India
fundscan.co,fundscan,.co,❌ Taken,33.35,Low Value,24.0,0.0,0.0,78.0,71.25,74.0,60.0,generator,2026-06-17 10:19:45,2026-06-17 10:21:24,🌐 Global
neogift.net,neogift,.net,✅ Available,33.15,Low Value,18.75,0.0,0.0,70.0,73.25,80.0,90.0,generator,2026-06-17 10:19:45,2026-06-17 10:21:24,🇺🇸 USA
rideport.co,rideport,.co,✅ Available,33.15,Low Value,24.0,0.0,0.0,78.0,70.25,74.0,85.0,generator,2026-06-17 10:19:45,2026-06-17 10:21:24,🇦🇺 Australia
cookscan.net,cookscan,.net,❌ Taken,33.15,Low Value,15.0,0.0,0.0,70.0,76.25,74.0,82.0,generator,2026-06-17 10:19:45,2026-06-17 10:21:24,🌐 Global
planrent.tech,planrent,.tech,✅ Available,33.1,Low Value,33.0,0.0,0.0,60.0,83.5,74.0,80.0,generator,2026-06-17 10:19:45,2026-06-17 10:21:24,🇩🇪 Germany
vertexgift.com,vertexgift,.com,✅ Available,32.75,Low Value,13.8,0.0,0.0,100.0,58.75,60.0,85.0,generator,2026-06-17 10:19:45,2026-06-17 10:21:24,🌐 Global
helixsnap.com,helixsnap,.com,✅ Available,32.7,Low Value,13.8,0.0,0.0,100.0,55.0,67.0,77.0,generator,2026-06-17 10:19:45,2026-06-17 10:21:24,🌐 Global
helixclip.com,helixclip,.com,✅ Available,32.7,Low Value,13.8,0.0,0.0,100.0,55.0,67.0,77.0,generator,2026-06-17 10:19:45,2026-06-17 10:21:24,🌐 Global
leb.io,leb,.io,❌ Taken,32.55,Low Value,127.5,0.0,0.0,85.0,50.75,96.5,80.0,generator,2026-06-17 10:19:45,2026-06-17 10:21:24,🇬🇧 UK
axis.io,axis,.io,❌ Taken,32.55,Low Value,85.0,0.0,0.0,85.0,51.5,95.0,90.0,generator,2026-06-17 10:19:45,2026-06-17 10:21:24,🇬🇧 UK
bebas.net,bebas,.net,❌ Taken,32.45,Low Value,25.0,0.0,0.0,70.0,64.75,90.0,90.0,generator,2026-06-17 10:19:45,2026-06-17 10:21:24,🇩🇪 Germany
dovab.net,dovab,.net,✅ Available,32.25,Low Value,25.0,0.0,0.0,70.0,63.75,90.0,90.0,generator,2026-06-17 10:19:45,2026-06-17 10:21:24,🇩🇪 Germany
ultracraft.net,ultracraft,.net,❌ Taken,31.95,Low Value,15.0,0.0,0.0,70.0,77.25,60.0,77.0,generator,2026-06-17 10:19:45,2026-06-17 10:21:24,🇺🇸 USA
bytefield.ai,bytefield,.ai,✅ Available,31.75,Low Value,84.0,0.0,0.0,92.0,56.25,67.0,82.0,generator,2026-06-17 10:19:45,2026-06-17 10:21:24,🇮🇳 India
super.us,super,.us,✅ Available,31.7,Low Value,25.0,0.0,0.0,30.0,91.0,90.0,90.0,generator,2026-06-17 10:19:45,2026-06-17 10:21:24,🇺🇸 USA
apexplan.net,apexplan,.net,✅ Available,31.2,Low Value,15.0,0.0,0.0,70.0,66.5,74.0,77.0,generator,2026-06-17 10:19:45,2026-06-17 10:21:24,🇩🇪 Germany
digi.net,digi,.net,❌ Taken,31.05,Low Value,25.0,0.0,0.0,70.0,55.25,95.0,95.0,generator,2026-06-17 10:19:45,2026-06-17 10:21:24,🇺🇸 USA
turbo.de,turbo,.de,❌ Taken,31.05,Low Value,25.0,0.0,0.0,30.0,87.75,90.0,95.0,generator,2026-06-17 10:19:45,2026-06-17 10:21:24,🇩🇪 Germany
drift.io,drift,.io,❌ Taken,30.8,Low Value,85.0,0.0,0.0,85.0,45.25,90.0,70.0,generator,2026-06-17 10:19:45,2026-06-17 10:21:24,🇦🇪 UAE
digidock.tech,digidock,.tech,✅ Available,30.65,Low Value,33.0,0.0,0.0,60.0,71.25,74.0,85.0,generator,2026-06-17 10:19:45,2026-06-17 10:21:24,🇩🇪 Germany
pulse.us,pulse,.us,✅ Available,30.45,Low Value,25.0,0.0,0.0,30.0,84.75,90.0,85.0,generator,2026-06-17 10:19:45,2026-06-17 10:21:24,🇺🇸 USA
pulse.ae,pulse,.ae,❌ Taken,30.45,Low Value,25.0,0.0,0.0,30.0,84.75,90.0,85.0,generator,2026-06-17 10:19:45,2026-06-17 10:21:24,🇦🇪 UAE
prime.ae,prime,.ae,❌ Taken,30.45,Low Value,25.0,0.0,0.0,30.0,84.75,90.0,85.0,generator,2026-06-17 10:19:45,2026-06-17 10:21:24,🇦🇪 UAE
huwog.net,huwog,.net,✅ Available,30.4,Low Value,25.0,0.0,0.0,70.0,54.5,90.0,90.0,generator,2026-06-17 10:19:45,2026-06-17 10:21:24,🇩🇪 Germany
lux.net,lux,.net,❌ Taken,30.3,Low Value,37.5,0.0,0.0,70.0,50.75,96.5,80.0,generator,2026-06-17 10:19:45,2026-06-17 10:21:24,🇩🇪 Germany
lil.net,lil,.net,❌ Taken,30.3,Low Value,37.5,0.0,0.0,70.0,50.75,96.5,80.0,generator,2026-06-17 10:19:45,2026-06-17 10:21:24,🇩🇪 Germany
buildtrack.tech,buildtrack,.tech,✅ Available,29.95,Low Value,33.0,0.0,0.0,60.0,74.75,60.0,70.0,generator,2026-06-17 10:19:45,2026-06-17 10:21:24,🇩🇪 Germany
flux.au,flux,.au,❌ Taken,29.95,Low Value,25.0,0.0,0.0,30.0,79.75,95.0,70.0,generator,2026-06-17 10:19:45,2026-06-17 10:21:24,🇦🇺 Australia
hib.org,hib,.org,⚠️ For Sale,29.75,Low Value,36.0,0.0,0.0,68.0,49.5,96.5,80.0,generator,2026-06-17 10:19:45,2026-06-17 10:21:24,🌐 Global
drawhire.in,drawhire,.in,✅ Available,29.6,Low Value,15.0,0.0,0.0,30.0,88.5,74.0,95.0,generator,2026-06-17 10:19:45,2026-06-17 10:21:24,🇮🇳 India
vibeedge.ae,vibeedge,.ae,✅ Available,29.6,Low Value,15.0,0.0,0.0,30.0,88.5,74.0,95.0,generator,2026-06-17 10:19:45,2026-06-17 10:21:24,🇦🇪 UAE
zeno.in,zeno,.in,❌ Taken,29.5,Low Value,25.0,0.0,0.0,30.0,77.5,95.0,95.0,generator,2026-06-17 10:19:45,2026-06-17 10:21:24,🇮🇳 India
yimas.tech,yimas,.tech,✅ Available,28.9,Low Value,55.0,0.0,0.0,60.0,54.5,90.0,90.0,generator,2026-06-17 10:19:45,2026-06-17 10:21:24,🇩🇪 Germany
hyper.de,hyper,.de,❌ Taken,28.85,Low Value,25.0,0.0,0.0,30.0,76.75,90.0,62.0,generator,2026-06-17 10:19:45,2026-06-17 10:21:24,🇩🇪 Germany
cooktest.uk,cooktest,.uk,✅ Available,28.85,Low Value,15.0,0.0,0.0,30.0,84.75,74.0,90.0,generator,2026-06-17 10:19:45,2026-06-17 10:21:24,🇬🇧 UK
drawtalk.us,drawtalk,.us,✅ Available,28.6,Low Value,15.0,0.0,0.0,30.0,83.5,74.0,80.0,generator,2026-06-17 10:19:45,2026-06-17 10:21:24,🇺🇸 USA
giftbook.ae,giftbook,.ae,✅ Available,28.6,Low Value,15.0,0.0,0.0,30.0,83.5,74.0,82.0,generator,2026-06-17 10:19:45,2026-06-17 10:21:24,🇦🇪 UAE
ridechat.us,ridechat,.us,✅ Available,28.5,Low Value,15.0,0.0,0.0,30.0,83.0,74.0,85.0,generator,2026-06-17 10:19:45,2026-06-17 10:21:24,🇺🇸 USA
minesign.in,minesign,.in,✅ Available,28.5,Low Value,15.0,0.0,0.0,30.0,83.0,74.0,85.0,generator,2026-06-17 10:19:45,2026-06-17 10:21:24,🇮🇳 India
chathost.uk,chathost,.uk,✅ Available,28.35,Low Value,15.0,0.0,0.0,30.0,82.25,74.0,80.0,generator,2026-06-17 10:19:45,2026-06-17 10:21:24,🇬🇧 UK
sendsign.de,sendsign,.de,✅ Available,28.3,Low Value,15.0,0.0,0.0,30.0,82.0,74.0,72.0,generator,2026-06-17 10:19:45,2026-06-17 10:21:24,🇩🇪 Germany
gowi.ae,gowi,.ae,✅ Available,28.25,Low Value,25.0,0.0,0.0,30.0,71.25,95.0,95.0,generator,2026-06-17 10:19:45,2026-06-17 10:21:24,🇦🇪 UAE
aerodeck.net,aerodeck,.net,✅ Available,28.2,Low Value,15.0,0.0,0.0,70.0,51.5,74.0,85.0,generator,2026-06-17 10:19:45,2026-06-17 10:21:24,🇩🇪 Germany
digipath.org,digipath,.org,❌ Taken,28.15,Low Value,14.4,0.0,0.0,68.0,52.75,74.0,85.0,generator,2026-06-17 10:19:45,2026-06-17 10:21:24,🌐 Global
fundgift.us,fundgift,.us,✅ Available,28.1,Low Value,15.0,0.0,0.0,30.0,81.0,74.0,72.0,generator,2026-06-17 10:19:45,2026-06-17 10:21:24,🇺🇸 USA
vertexsend.org,vertexsend,.org,✅ Available,27.95,Low Value,14.4,0.0,0.0,68.0,58.75,60.0,85.0,generator,2026-06-17 10:19:45,2026-06-17 10:21:24,🌐 Global
clipdraw.de,clipdraw,.de,✅ Available,27.85,Low Value,15.0,0.0,0.0,30.0,79.75,74.0,72.0,generator,2026-06-17 10:19:45,2026-06-17 10:21:24,🇩🇪 Germany
neon.ae,neon,.ae,✅ Available,27.75,Low Value,25.0,0.0,0.0,30.0,68.75,95.0,80.0,generator,2026-06-17 10:19:45,2026-06-17 10:21:24,🇦🇪 UAE
ionspace.ae,ionspace,.ae,✅ Available,27.5,Low Value,15.0,0.0,0.0,30.0,78.0,74.0,87.0,generator,2026-06-17 10:19:45,2026-06-17 10:21:24,🇦🇪 UAE
lon.us,lon,.us,⚠️ For Sale,27.5,Low Value,37.5,0.0,0.0,30.0,66.75,96.5,80.0,generator,2026-06-17 10:19:45,2026-06-17 10:21:24,🇺🇸 USA
signplan.in,signplan,.in,✅ Available,27.35,Low Value,15.0,0.0,0.0,30.0,77.25,74.0,60.0,generator,2026-06-17 10:19:45,2026-06-17 10:21:24,🇮🇳 India
hostgrid.ae,hostgrid,.ae,✅ Available,27.1,Low Value,15.0,0.0,0.0,30.0,76.0,74.0,60.0,generator,2026-06-17 10:19:45,2026-06-17 10:21:24,🇦🇪 UAE
zenoclip.in,zenoclip,.in,✅ Available,27.05,Low Value,15.0,0.0,0.0,30.0,75.75,74.0,85.0,generator,2026-06-17 10:19:45,2026-06-17 10:21:24,🇮🇳 India
planscan.de,planscan,.de,❌ Taken,26.9,Low Value,15.0,0.0,0.0,30.0,75.0,74.0,72.0,generator,2026-06-17 10:19:45,2026-06-17 10:21:24,🇩🇪 Germany
magoh.ae,magoh,.ae,✅ Available,26.25,Low Value,25.0,0.0,0.0,30.0,63.75,90.0,90.0,generator,2026-06-17 10:19:45,2026-06-17 10:21:24,🇦🇪 UAE
buildclip.de,buildclip,.de,✅ Available,26.15,Low Value,15.0,0.0,0.0,30.0,74.75,67.0,70.0,generator,2026-06-17 10:19:45,2026-06-17 10:21:24,🇩🇪 Germany
talkmeet.us,talkmeet,.us,✅ Available,26.05,Low Value,15.0,0.0,0.0,30.0,70.75,74.0,82.0,generator,2026-06-17 10:19:45,2026-06-17 10:21:24,🇺🇸 USA
digihost.in,digihost,.in,❌ Taken,25.95,Low Value,15.0,0.0,0.0,30.0,70.25,74.0,85.0,generator,2026-06-17 10:19:45,2026-06-17 10:21:24,🇮🇳 India
halozone.co.uk,co,.uk,❌ Taken,25.75,Low Value,37.5,0.0,5.0,30.0,50.0,100.0,85.0,generator,2026-06-17 10:19:45,2026-06-17 10:21:24,🇬🇧 UK
devpro.co.uk,co,.uk,❌ Taken,25.75,Low Value,37.5,0.0,5.0,30.0,50.0,100.0,85.0,generator,2026-06-17 10:19:45,2026-06-17 10:21:24,🇬🇧 UK
drifthealth.co.uk,co,.uk,✅ Available,25.75,Low Value,37.5,0.0,5.0,30.0,50.0,100.0,85.0,generator,2026-06-17 10:19:45,2026-06-17 10:21:24,🇬🇧 UK
echoflow.co.in,co,.in,✅ Available,25.75,Low Value,37.5,0.0,5.0,30.0,50.0,100.0,85.0,generator,2026-06-17 10:19:45,2026-06-17 10:21:24,🇮🇳 India
haloflow.co.uk,co,.uk,✅ Available,25.75,Low Value,37.5,0.0,5.0,30.0,50.0,100.0,85.0,generator,2026-06-17 10:19:45,2026-06-17 10:21:24,🇬🇧 UK
byte.co.in,co,.in,⚠️ For Sale,25.75,Low Value,37.5,0.0,5.0,30.0,50.0,100.0,85.0,generator,2026-06-17 10:19:45,2026-06-17 10:21:24,🇮🇳 India
carestream.co.uk,co,.uk,❌ Taken,25.75,Low Value,37.5,0.0,5.0,30.0,50.0,100.0,85.0,generator,2026-06-17 10:19:45,2026-06-17 10:21:24,🇬🇧 UK
vitapro.co.uk,co,.uk,❌ Taken,25.75,Low Value,37.5,0.0,5.0,30.0,50.0,100.0,85.0,generator,2026-06-17 10:19:45,2026-06-17 10:21:24,🇬🇧 UK
fluxspace.co.uk,co,.uk,❌ Taken,25.75,Low Value,37.5,0.0,5.0,30.0,50.0,100.0,85.0,generator,2026-06-17 10:19:45,2026-06-17 10:21:24,🇬🇧 UK
byteflow.co.uk,co,.uk,✅ Available,25.75,Low Value,37.5,0.0,5.0,30.0,50.0,100.0,85.0,generator,2026-06-17 10:19:45,2026-06-17 10:21:24,🇬🇧 UK
getmint.co.uk,co,.uk,❌ Taken,25.75,Low Value,37.5,0.0,5.0,30.0,50.0,100.0,85.0,generator,2026-06-17 10:19:45,2026-06-17 10:21:24,🇬🇧 UK
hirezone.co.uk,co,.uk,⚠️ For Sale,25.75,Low Value,37.5,0.0,5.0,30.0,50.0,100.0,85.0,generator,2026-06-17 10:19:45,2026-06-17 10:21:24,🇬🇧 UK
kos.co.uk,co,.uk,⚠️ For Sale,25.75,Low Value,37.5,0.0,5.0,30.0,50.0,100.0,85.0,generator,2026-06-17 10:19:45,2026-06-17 10:21:24,🇬🇧 UK
tradecook.co.uk,co,.uk,✅ Available,25.75,Low Value,37.5,0.0,5.0,30.0,50.0,100.0,85.0,generator,2026-06-17 10:19:45,2026-06-17 10:21:24,🇬🇧 UK
ultratalk.co.in,co,.in,✅ Available,25.75,Low Value,37.5,0.0,5.0,30.0,50.0,100.0,85.0,generator,2026-06-17 10:19:45,2026-06-17 10:21:24,🇮🇳 India
axisrent.co.uk,co,.uk,✅ Available,25.75,Low Value,37.5,0.0,5.0,30.0,50.0,100.0,85.0,generator,2026-06-17 10:19:45,2026-06-17 10:21:24,🇬🇧 UK
dapi.co.uk,co,.uk,⚠️ For Sale,25.75,Low Value,37.5,0.0,5.0,30.0,50.0,100.0,85.0,generator,2026-06-17 10:19:45,2026-06-17 10:21:24,🇬🇧 UK
cloudgift.co.uk,co,.uk,✅ Available,25.75,Low Value,37.5,0.0,5.0,30.0,50.0,100.0,85.0,generator,2026-06-17 10:19:45,2026-06-17 10:21:24,🇬🇧 UK
blazetrade.co.uk,co,.uk,✅ Available,25.75,Low Value,37.5,0.0,5.0,30.0,50.0,100.0,85.0,generator,2026-06-17 10:19:45,2026-06-17 10:21:24,🇬🇧 UK
sparkstream.co.uk,co,.uk,❌ Taken,25.75,Low Value,37.5,0.0,5.0,30.0,50.0,100.0,85.0,generator,2026-06-17 10:19:45,2026-06-17 10:21:24,🇬🇧 UK
talkship.co.uk,co,.uk,✅ Available,25.75,Low Value,37.5,0.0,5.0,30.0,50.0,100.0,85.0,generator,2026-06-17 10:19:45,2026-06-17 10:21:24,🇬🇧 UK
shipspot.co.uk,co,.uk,✅ Available,25.75,Low Value,37.5,0.0,5.0,30.0,50.0,100.0,85.0,generator,2026-06-17 10:19:45,2026-06-17 10:21:24,🇬🇧 UK
trackgift.co.in,co,.in,✅ Available,25.75,Low Value,37.5,0.0,5.0,30.0,50.0,100.0,85.0,generator,2026-06-17 10:19:45,2026-06-17 10:21:24,🇮🇳 India
linkapp.co.uk,co,.uk,⚠️ For Sale,25.75,Low Value,37.5,0.0,5.0,30.0,50.0,100.0,85.0,generator,2026-06-17 10:19:45,2026-06-17 10:21:24,🇬🇧 UK
rentgrow.co.uk,co,.uk,✅ Available,25.75,Low Value,37.5,0.0,5.0,30.0,50.0,100.0,85.0,generator,2026-06-17 10:19:45,2026-06-17 10:21:24,🇬🇧 UK
planchat.co.uk,co,.uk,✅ Available,25.75,Low Value,37.5,0.0,5.0,30.0,50.0,100.0,85.0,generator,2026-06-17 10:19:45,2026-06-17 10:21:24,🇬🇧 UK
rentfind.co.uk,co,.uk,✅ Available,25.75,Low Value,37.5,0.0,5.0,30.0,50.0,100.0,85.0,generator,2026-06-17 10:19:45,2026-06-17 10:21:24,🇬🇧 UK
meetcloud.co.uk,co,.uk,✅ Available,25.75,Low Value,37.5,0.0,5.0,30.0,50.0,100.0,85.0,generator,2026-06-17 10:19:45,2026-06-17 10:21:24,🇬🇧 UK
pulse.co.uk,co,.uk,❌ Taken,25.75,Low Value,37.5,0.0,5.0,30.0,50.0,100.0,85.0,generator,2026-06-17 10:19:45,2026-06-17 10:21:24,🇬🇧 UK
deepapp.co.uk,co,.uk,✅ Available,25.75,Low Value,37.5,0.0,5.0,30.0,50.0,100.0,85.0,generator,2026-06-17 10:19:45,2026-06-17 10:21:24,🇬🇧 UK
myauto.co.uk,co,.uk,❌ Taken,25.75,Low Value,37.5,0.0,5.0,30.0,50.0,100.0,85.0,generator,2026-06-17 10:19:45,2026-06-17 10:21:24,🇬🇧 UK
votedock.co.uk,co,.uk,✅ Available,25.75,Low Value,37.5,0.0,5.0,30.0,50.0,100.0,85.0,generator,2026-06-17 10:19:45,2026-06-17 10:21:24,🇬🇧 UK
payai.co.uk,co,.uk,✅ Available,25.75,Low Value,37.5,0.0,5.0,30.0,50.0,100.0,85.0,generator,2026-06-17 10:19:45,2026-06-17 10:21:24,🇬🇧 UK
clipcode.co.in,co,.in,✅ Available,25.75,Low Value,37.5,0.0,5.0,30.0,50.0,100.0,85.0,generator,2026-06-17 10:19:45,2026-06-17 10:21:24,🇮🇳 India
neon.co.uk,co,.uk,❌ Taken,25.75,Low Value,37.5,0.0,5.0,30.0,50.0,100.0,85.0,generator,2026-06-17 10:19:45,2026-06-17 10:21:24,🇬🇧 UK
getsell.co.uk,co,.uk,❌ Taken,25.75,Low Value,37.5,0.0,5.0,30.0,50.0,100.0,85.0,generator,2026-06-17 10:19:45,2026-06-17 10:21:24,🇬🇧 UK
aeroflow.co.uk,co,.uk,⚠️ For Sale,25.75,Low Value,37.5,0.0,5.0,30.0,50.0,100.0,85.0,generator,2026-06-17 10:19:45,2026-06-17 10:21:24,🇬🇧 UK
axisauto.co.uk,co,.uk,✅ Available,25.75,Low Value,37.5,0.0,5.0,30.0,50.0,100.0,85.0,generator,2026-06-17 10:19:45,2026-06-17 10:21:24,🇬🇧 UK
wehus.co.uk,co,.uk,✅ Available,25.75,Low Value,37.5,0.0,5.0,30.0,50.0,100.0,85.0,generator,2026-06-17 10:19:45,2026-06-17 10:21:24,🇬🇧 UK
novapay.co.uk,co,.uk,⚠️ For Sale,25.75,Low Value,37.5,0.0,5.0,30.0,50.0,100.0,85.0,generator,2026-06-17 10:19:45,2026-06-17 10:21:24,🇬🇧 UK
fundzone.co.in,co,.in,✅ Available,25.75,Low Value,37.5,0.0,5.0,30.0,50.0,100.0,85.0,generator,2026-06-17 10:19:45,2026-06-17 10:21:24,🇮🇳 India
ion.uk,ion,.uk,⚠️ For Sale,25.75,Low Value,37.5,0.0,0.0,30.0,58.0,96.5,45.0,generator,2026-06-17 10:19:45,2026-06-17 10:21:24,🇬🇧 UK
healthsend.co.uk,co,.uk,✅ Available,25.75,Low Value,37.5,0.0,5.0,30.0,50.0,100.0,85.0,generator,2026-06-17 10:19:45,2026-06-17 10:21:24,🇬🇧 UK
gopah.co.in,co,.in,✅ Available,25.75,Low Value,37.5,0.0,5.0,30.0,50.0,100.0,85.0,generator,2026-06-17 10:19:45,2026-06-17 10:21:24,🇮🇳 India
streampro.co.uk,co,.uk,⚠️ For Sale,25.75,Low Value,37.5,0.0,5.0,30.0,50.0,100.0,85.0,generator,2026-06-17 10:19:45,2026-06-17 10:21:24,🇬🇧 UK
fluxshop.co.uk,co,.uk,✅ Available,25.75,Low Value,37.5,0.0,5.0,30.0,50.0,100.0,85.0,generator,2026-06-17 10:19:45,2026-06-17 10:21:24,🇬🇧 UK
streambook.co.in,co,.in,✅ Available,25.75,Low Value,37.5,0.0,5.0,30.0,50.0,100.0,85.0,generator,2026-06-17 10:19:45,2026-06-17 10:21:24,🇮🇳 India
halo.co.uk,co,.uk,❌ Taken,25.75,Low Value,37.5,0.0,5.0,30.0,50.0,100.0,85.0,generator,2026-06-17 10:19:45,2026-06-17 10:21:24,🇬🇧 UK
lockfarm.co.uk,co,.uk,❌ Taken,25.75,Low Value,37.5,0.0,5.0,30.0,50.0,100.0,85.0,generator,2026-06-17 10:19:45,2026-06-17 10:21:24,🇬🇧 UK
lava.co.uk,co,.uk,✅ Available,25.75,Low Value,37.5,0.0,5.0,30.0,50.0,100.0,85.0,generator,2026-06-17 10:19:45,2026-06-17 10:21:24,🇬🇧 UK
apexmind.uk,apexmind,.uk,✅ Available,25.7,Low Value,15.0,0.0,0.0,30.0,69.0,74.0,85.0,generator,2026-06-17 10:19:45,2026-06-17 10:21:24,🇬🇧 UK
talkpath.in,talkpath,.in,✅ Available,25.55,Low Value,15.0,0.0,0.0,30.0,68.25,74.0,72.0,generator,2026-06-17 10:19:45,2026-06-17 10:21:24,🇮🇳 India
luxtrack.uk,luxtrack,.uk,✅ Available,25.55,Low Value,15.0,0.0,0.0,30.0,68.25,74.0,72.0,generator,2026-06-17 10:19:45,2026-06-17 10:21:24,🇬🇧 UK
lockdeck.in,lockdeck,.in,✅ Available,25.55,Low Value,15.0,0.0,0.0,30.0,68.25,74.0,72.0,generator,2026-06-17 10:19:45,2026-06-17 10:21:24,🇮🇳 India
mato.in,mato,.in,❌ Taken,25.05,Low Value,25.0,0.0,0.0,30.0,55.25,95.0,95.0,generator,2026-06-17 10:19:45,2026-06-17 10:21:24,🇮🇳 India
shippulse.ae,shippulse,.ae,✅ Available,25.05,Low Value,15.0,0.0,0.0,30.0,69.25,67.0,95.0,generator,2026-06-17 10:19:45,2026-06-17 10:21:24,🇦🇪 UAE
duma.in,duma,.in,✅ Available,25.05,Low Value,25.0,0.0,0.0,30.0,55.25,95.0,95.0,generator,2026-06-17 10:19:45,2026-06-17 10:21:24,🇮🇳 India
poti.au,poti,.au,✅ Available,25.05,Low Value,25.0,0.0,0.0,30.0,55.25,95.0,95.0,generator,2026-06-17 10:19:45,2026-06-17 10:21:24,🇦🇺 Australia
pinu.in,pinu,.in,⚠️ For Sale,25.05,Low Value,25.0,0.0,0.0,30.0,55.25,95.0,90.0,generator,2026-06-17 10:19:45,2026-06-17 10:21:24,🇮🇳 India
digi.ae,digi,.ae,✅ Available,25.05,Low Value,25.0,0.0,0.0,30.0,55.25,95.0,95.0,generator,2026-06-17 10:19:45,2026-06-17 10:21:24,🇦🇪 UAE
coso.uk,coso,.uk,✅ Available,24.8,Low Value,25.0,0.0,0.0,30.0,54.0,95.0,95.0,generator,2026-06-17 10:19:45,2026-06-17 10:21:24,🇬🇧 UK
xume.de,xume,.de,❌ Taken,24.8,Low Value,25.0,0.0,0.0,30.0,54.0,95.0,85.0,generator,2026-06-17 10:19:45,2026-06-17 10:21:24,🇩🇪 Germany
zeja.us,zeja,.us,✅ Available,24.8,Low Value,25.0,0.0,0.0,30.0,54.0,95.0,95.0,generator,2026-06-17 10:19:45,2026-06-17 10:21:24,🇺🇸 USA
yima.ae,yima,.ae,✅ Available,24.8,Low Value,25.0,0.0,0.0,30.0,54.0,95.0,95.0,generator,2026-06-17 10:19:45,2026-06-17 10:21:24,🇦🇪 UAE
huka.ae,huka,.ae,✅ Available,24.8,Low Value,25.0,0.0,0.0,30.0,54.0,95.0,95.0,generator,2026-06-17 10:19:45,2026-06-17 10:21:24,🇦🇪 UAE
echo.ae,echo,.ae,❌ Taken,24.8,Low Value,25.0,0.0,0.0,30.0,54.0,95.0,95.0,generator,2026-06-17 10:19:45,2026-06-17 10:21:24,🇦🇪 UAE
halo.ae,halo,.ae,❌ Taken,24.8,Low Value,25.0,0.0,0.0,30.0,54.0,95.0,95.0,generator,2026-06-17 10:19:45,2026-06-17 10:21:24,🇦🇪 UAE
omni.us,omni,.us,❌ Taken,24.8,Low Value,25.0,0.0,0.0,30.0,54.0,95.0,95.0,generator,2026-06-17 10:19:45,2026-06-17 10:21:24,🇺🇸 USA
juye.in,juye,.in,✅ Available,24.8,Low Value,25.0,0.0,0.0,30.0,54.0,95.0,85.0,generator,2026-06-17 10:19:45,2026-06-17 10:21:24,🇮🇳 India
nezol.in,nezol,.in,✅ Available,24.65,Low Value,25.0,0.0,0.0,30.0,55.75,90.0,90.0,generator,2026-06-17 10:19:45,2026-06-17 10:21:24,🇮🇳 India
magek.in,magek,.in,✅ Available,24.65,Low Value,25.0,0.0,0.0,30.0,55.75,90.0,90.0,generator,2026-06-17 10:19:45,2026-06-17 10:21:24,🇮🇳 India
ziboh.ae,ziboh,.ae,✅ Available,24.4,Low Value,25.0,0.0,0.0,30.0,54.5,90.0,90.0,generator,2026-06-17 10:19:45,2026-06-17 10:21:24,🇦🇪 UAE
xegus.au,xegus,.au,✅ Available,24.4,Low Value,25.0,0.0,0.0,30.0,54.5,90.0,90.0,generator,2026-06-17 10:19:45,2026-06-17 10:21:24,🇦🇺 Australia
hukot.in,hukot,.in,✅ Available,24.4,Low Value,25.0,0.0,0.0,30.0,54.5,90.0,90.0,generator,2026-06-17 10:19:45,2026-06-17 10:21:24,🇮🇳 India
zenspot.us,zenspot,.us,⚠️ For Sale,24.3,Low Value,18.75,0.0,0.0,30.0,59.0,80.0,72.0,generator,2026-06-17 10:19:45,2026-06-17 10:21:24,🇺🇸 USA
axis.us,axis,.us,❌ Taken,24.3,Low Value,25.0,0.0,0.0,30.0,51.5,95.0,90.0,generator,2026-06-17 10:19:45,2026-06-17 10:21:24,🇺🇸 USA
nus.de,nus,.de,✅ Available,24.3,Low Value,37.5,0.0,0.0,30.0,50.75,96.5,80.0,generator,2026-06-17 10:19:45,2026-06-17 10:21:24,🇩🇪 Germany
wih.in,wih,.in,❌ Taken,24.3,Low Value,37.5,0.0,0.0,30.0,50.75,96.5,80.0,generator,2026-06-17 10:19:45,2026-06-17 10:21:24,🇮🇳 India
tur.uk,tur,.uk,❌ Taken,24.3,Low Value,37.5,0.0,0.0,30.0,50.75,96.5,80.0,generator,2026-06-17 10:19:45,2026-06-17 10:21:24,🇬🇧 UK
pixelride.com.au,com,.au,✅ Available,24.05,Low Value,37.5,0.0,0.0,30.0,49.5,96.5,80.0,generator,2026-06-17 10:19:45,2026-06-17 10:21:24,🇦🇺 Australia
blazechat.com.au,com,.au,✅ Available,24.05,Low Value,37.5,0.0,0.0,30.0,49.5,96.5,80.0,generator,2026-06-17 10:19:45,2026-06-17 10:21:24,🇦🇺 Australia
digi.com.au,com,.au,⚠️ For Sale,24.05,Low Value,37.5,0.0,0.0,30.0,49.5,96.5,80.0,generator,2026-06-17 10:19:45,2026-06-17 10:21:24,🇦🇺 Australia
rolew.com.au,com,.au,✅ Available,24.05,Low Value,37.5,0.0,0.0,30.0,49.5,96.5,80.0,generator,2026-06-17 10:19:45,2026-06-17 10:21:24,🇦🇺 Australia
chatclip.com.au,com,.au,✅ Available,24.05,Low Value,37.5,0.0,0.0,30.0,49.5,96.5,80.0,generator,2026-06-17 10:19:45,2026-06-17 10:21:24,🇦🇺 Australia
aiport.com.au,com,.au,✅ Available,24.05,Low Value,37.5,0.0,0.0,30.0,49.5,96.5,80.0,generator,2026-06-17 10:19:45,2026-06-17 10:21:24,🇦🇺 Australia
lux.com.au,com,.au,❌ Taken,24.05,Low Value,37.5,0.0,0.0,30.0,49.5,96.5,80.0,generator,2026-06-17 10:19:45,2026-06-17 10:21:24,🇦🇺 Australia
cabe.com.au,com,.au,⚠️ For Sale,24.05,Low Value,37.5,0.0,0.0,30.0,49.5,96.5,80.0,generator,2026-06-17 10:19:45,2026-06-17 10:21:24,🇦🇺 Australia
shopsign.com.au,com,.au,❌ Taken,24.05,Low Value,37.5,0.0,0.0,30.0,49.5,96.5,80.0,generator,2026-06-17 10:19:45,2026-06-17 10:21:24,🇦🇺 Australia
shipbuild.com.au,com,.au,✅ Available,24.05,Low Value,37.5,0.0,0.0,30.0,49.5,96.5,80.0,generator,2026-06-17 10:19:45,2026-06-17 10:21:24,🇦🇺 Australia
byte.com.au,com,.au,❌ Taken,24.05,Low Value,37.5,0.0,0.0,30.0,49.5,96.5,80.0,generator,2026-06-17 10:19:45,2026-06-17 10:21:24,🇦🇺 Australia
jiv.in,jiv,.in,✅ Available,24.05,Low Value,37.5,0.0,0.0,30.0,49.5,96.5,80.0,generator,2026-06-17 10:19:45,2026-06-17 10:21:24,🇮🇳 India
botsnap.com.au,com,.au,✅ Available,24.05,Low Value,37.5,0.0,0.0,30.0,49.5,96.5,80.0,generator,2026-06-17 10:19:45,2026-06-17 10:21:24,🇦🇺 Australia
streamedge.com.au,com,.au,✅ Available,24.05,Low Value,37.5,0.0,0.0,30.0,49.5,96.5,80.0,generator,2026-06-17 10:19:45,2026-06-17 10:21:24,🇦🇺 Australia
gine.com.au,com,.au,✅ Available,24.05,Low Value,37.5,0.0,0.0,30.0,49.5,96.5,80.0,generator,2026-06-17 10:19:45,2026-06-17 10:21:24,🇦🇺 Australia
medpro.com.au,com,.au,❌ Taken,24.05,Low Value,37.5,0.0,0.0,30.0,49.5,96.5,80.0,generator,2026-06-17 10:19:45,2026-06-17 10:21:24,🇦🇺 Australia
trackhire.com.au,com,.au,⚠️ For Sale,24.05,Low Value,37.5,0.0,0.0,30.0,49.5,96.5,80.0,generator,2026-06-17 10:19:45,2026-06-17 10:21:24,🇦🇺 Australia
drift.com.au,com,.au,❌ Taken,24.05,Low Value,37.5,0.0,0.0,30.0,49.5,96.5,80.0,generator,2026-06-17 10:19:45,2026-06-17 10:21:24,🇦🇺 Australia
fundsnap.com.au,com,.au,✅ Available,24.05,Low Value,37.5,0.0,0.0,30.0,49.5,96.5,80.0,generator,2026-06-17 10:19:45,2026-06-17 10:21:24,🇦🇺 Australia
gamebuild.com.au,com,.au,✅ Available,24.05,Low Value,37.5,0.0,0.0,30.0,49.5,96.5,80.0,generator,2026-06-17 10:19:45,2026-06-17 10:21:24,🇦🇺 Australia
chatgift.com.au,com,.au,✅ Available,24.05,Low Value,37.5,0.0,0.0,30.0,49.5,96.5,80.0,generator,2026-06-17 10:19:45,2026-06-17 10:21:24,🇦🇺 Australia
orbitgrow.com.au,com,.au,✅ Available,24.05,Low Value,37.5,0.0,0.0,30.0,49.5,96.5,80.0,generator,2026-06-17 10:19:45,2026-06-17 10:21:24,🇦🇺 Australia
getcloud.com.au,com,.au,⚠️ For Sale,24.05,Low Value,37.5,0.0,0.0,30.0,49.5,96.5,80.0,generator,2026-06-17 10:19:45,2026-06-17 10:21:24,🇦🇺 Australia
getshop.com.au,com,.au,✅ Available,24.05,Low Value,37.5,0.0,0.0,30.0,49.5,96.5,80.0,generator,2026-06-17 10:19:45,2026-06-17 10:21:24,🇦🇺 Australia
metaai.com.au,com,.au,❌ Taken,24.05,Low Value,37.5,0.0,0.0,30.0,49.5,96.5,80.0,generator,2026-06-17 10:19:45,2026-06-17 10:21:24,🇦🇺 Australia
rentnet.com.au,com,.au,✅ Available,24.05,Low Value,37.5,0.0,0.0,30.0,49.5,96.5,80.0,generator,2026-06-17 10:19:45,2026-06-17 10:21:24,🇦🇺 Australia
buildedge.com.au,com,.au,❌ Taken,24.05,Low Value,37.5,0.0,0.0,30.0,49.5,96.5,80.0,generator,2026-06-17 10:19:45,2026-06-17 10:21:24,🇦🇺 Australia
cloudgrow.com.au,com,.au,❌ Taken,24.05,Low Value,37.5,0.0,0.0,30.0,49.5,96.5,80.0,generator,2026-06-17 10:19:45,2026-06-17 10:21:24,🇦🇺 Australia
senddata.com.au,com,.au,✅ Available,24.05,Low Value,37.5,0.0,0.0,30.0,49.5,96.5,80.0,generator,2026-06-17 10:19:45,2026-06-17 10:21:24,🇦🇺 Australia
getdefi.com.au,com,.au,✅ Available,24.05,Low Value,37.5,0.0,0.0,30.0,49.5,96.5,80.0,generator,2026-06-17 10:19:45,2026-06-17 10:21:24,🇦🇺 Australia
getsell.com.au,com,.au,❌ Taken,24.05,Low Value,37.5,0.0,0.0,30.0,49.5,96.5,80.0,generator,2026-06-17 10:19:45,2026-06-17 10:21:24,🇦🇺 Australia
playai.com.au,com,.au,⚠️ For Sale,24.05,Low Value,37.5,0.0,0.0,30.0,49.5,96.5,80.0,generator,2026-06-17 10:19:45,2026-06-17 10:21:24,🇦🇺 Australia
halo.com.au,com,.au,❌ Taken,24.05,Low Value,37.5,0.0,0.0,30.0,49.5,96.5,80.0,generator,2026-06-17 10:19:45,2026-06-17 10:21:24,🇦🇺 Australia
jap.ae,jap,.ae,❌ Taken,24.05,Low Value,37.5,0.0,0.0,30.0,49.5,96.5,80.0,generator,2026-06-17 10:19:45,2026-06-17 10:21:24,🇦🇪 UAE
pixelship.com.au,com,.au,✅ Available,24.05,Low Value,37.5,0.0,0.0,30.0,49.5,96.5,80.0,generator,2026-06-17 10:19:45,2026-06-17 10:21:24,🇦🇺 Australia
stellarpay.com.au,com,.au,✅ Available,24.05,Low Value,37.5,0.0,0.0,30.0,49.5,96.5,80.0,generator,2026-06-17 10:19:45,2026-06-17 10:21:24,🇦🇺 Australia
aiify.com.au,com,.au,❌ Taken,24.05,Low Value,37.5,0.0,0.0,30.0,49.5,96.5,80.0,generator,2026-06-17 10:19:45,2026-06-17 10:21:24,🇦🇺 Australia
ecoai.com.au,com,.au,❌ Taken,24.05,Low Value,37.5,0.0,0.0,30.0,49.5,96.5,80.0,generator,2026-06-17 10:19:45,2026-06-17 10:21:24,🇦🇺 Australia
kafil.com.au,com,.au,✅ Available,24.05,Low Value,37.5,0.0,0.0,30.0,49.5,96.5,80.0,generator,2026-06-17 10:19:45,2026-06-17 10:21:24,🇦🇺 Australia
getapp.com.au,com,.au,❌ Taken,24.05,Low Value,37.5,0.0,0.0,30.0,49.5,96.5,80.0,generator,2026-06-17 10:19:45,2026-06-17 10:21:24,🇦🇺 Australia
getpro.com.au,com,.au,❌ Taken,24.05,Low Value,37.5,0.0,0.0,30.0,49.5,96.5,80.0,generator,2026-06-17 10:19:45,2026-06-17 10:21:24,🇦🇺 Australia
votegift.com.au,com,.au,✅ Available,24.05,Low Value,37.5,0.0,0.0,30.0,49.5,96.5,80.0,generator,2026-06-17 10:19:45,2026-06-17 10:21:24,🇦🇺 Australia
streamapp.com.au,com,.au,❌ Taken,24.05,Low Value,37.5,0.0,0.0,30.0,49.5,96.5,80.0,generator,2026-06-17 10:19:45,2026-06-17 10:21:24,🇦🇺 Australia
getchain.com.au,com,.au,✅ Available,24.05,Low Value,37.5,0.0,0.0,30.0,49.5,96.5,80.0,generator,2026-06-17 10:19:45,2026-06-17 10:21:24,🇦🇺 Australia
talkhire.com.au,com,.au,✅ Available,24.05,Low Value,37.5,0.0,0.0,30.0,49.5,96.5,80.0,generator,2026-06-17 10:19:45,2026-06-17 10:21:24,🇦🇺 Australia
quantumpro.com.au,com,.au,❌ Taken,24.05,Low Value,37.5,0.0,0.0,30.0,49.5,96.5,80.0,generator,2026-06-17 10:19:45,2026-06-17 10:21:24,🇦🇺 Australia
fluxsell.com.au,com,.au,✅ Available,24.05,Low Value,37.5,0.0,0.0,30.0,49.5,96.5,80.0,generator,2026-06-17 10:19:45,2026-06-17 10:21:24,🇦🇺 Australia
scanchat.com.au,com,.au,✅ Available,24.05,Low Value,37.5,0.0,0.0,30.0,49.5,96.5,80.0,generator,2026-06-17 10:19:45,2026-06-17 10:21:24,🇦🇺 Australia
zendeck.com.au,com,.au,✅ Available,24.05,Low Value,37.5,0.0,0.0,30.0,49.5,96.5,80.0,generator,2026-06-17 10:19:45,2026-06-17 10:21:24,🇦🇺 Australia
liro.com.au,com,.au,❌ Taken,24.05,Low Value,37.5,0.0,0.0,30.0,49.5,96.5,80.0,generator,2026-06-17 10:19:45,2026-06-17 10:21:24,🇦🇺 Australia
cloudapp.com.au,com,.au,⚠️ For Sale,24.05,Low Value,37.5,0.0,0.0,30.0,49.5,96.5,80.0,generator,2026-06-17 10:19:45,2026-06-17 10:21:24,🇦🇺 Australia
neoio.us,neoio,.us,✅ Available,23.8,Low Value,25.0,0.0,0.0,30.0,51.5,90.0,50.0,generator,2026-06-17 10:19:45,2026-06-17 10:21:24,🇺🇸 USA
aero.us,aero,.us,✅ Available,23.3,Low Value,25.0,0.0,0.0,30.0,46.5,95.0,60.0,generator,2026-06-17 10:19:45,2026-06-17 10:21:24,🇺🇸 USA
neo.in,neo,.in,❌ Taken,23.3,Low Value,37.5,0.0,0.0,30.0,45.75,96.5,50.0,generator,2026-06-17 10:19:45,2026-06-17 10:21:24,🇮🇳 India
